nama orang,geb/overl.,id,actual id,Unnamed: 4,origin
"Aa, zr. W. van der",1908-1942/5,0,,,Netherlands
"Aalbers, dr. Joh. Godefr., arts",1910-1992,1,,,Netherlands
"Aalders, zr. Jacoba",1910-1999,2,,,Netherlands
"Abeel, David",1804-1846,3,,,United States of America
"Abkoude, ds. F.N.M. van",1895-1988,4,,,Netherlands
"Ackermann, Gustav, zdl.",1876-1955,5,,,Germany
"Adriaanse, A.J., zie Gemerts-Adriaanse, A.J.",,6,,,
"Adriaanse, ds. L.",1856-1947,7,,,Netherlands
"Adriani, dr. Nicolaus",1865-1926,8,,,Netherlands
"Aebersold, W.E., zdl",1903-1996,9,,,Switzerland
"Agter, H.J., zdl",1892-1957,10,,,Netherlands
"Akersloot, J., zdl.",1790/1-1830,11,,,Netherlands
"Akerson, Rev. Leroy Lind",1892-1921,12,,,United States of America
"Akkeren, dr. Philippus v, zdl",1910-1993,13,,,Netherlands
"Albers, C., zdl",1837-1920,14,,,Netherlands
"Albrecht, zr. Magdalene",1895-1968,15,,,Germany
"Alewijn, jhr. Anton Godfried",1877-1954,16,,,Netherlands
"Alfs, Anna",1877-1967,17,,,Germany
"Alkema, B.M., zdl",1868-1942,18,,,Netherlands
"Alkema, Menno Theod.",1894-1963,19,,,Netherlands
"Allaart Bernard, arts",1908-1999,20,,,Netherlands
"Allaart, ds. Dirk J. Bergardus",1898-1945,21,,,Netherlands
"Allstrom, Rev. Eric W.",,22,,,United States of America
"Alm, Rev. Ragnar",1900-1964+,23,,,Scandinavia
"Alphen, J.J. van",1848/9,24,,,
"Alphen, Pauline El. van",1885-1945,25,,,Netherlands
"Alt, Gustav Adolf",1856-1921,26,,,Germany
"Alt, Marg. Adriana",1883-1962,27,,,Netherlands
"Ameler, August",1877-1940,28,,,Germany
"Amstutz, Daniel, zdl.",1906-1991,29,,,Switzerland
"Andel, zr. Corn. Cath. Herm.",1913-1997,30,,,Netherlands
"Andel, dr. H.A. van",1875-1945,31,,,Netherlands
"Anders, Emilie",1868-1922,32,,,Germany
"Anderson, E.G.O.",,33,,,United Kingdom
"Anken, zr. Roelfke van",1906-2001,34,,,Netherlands
"Anskohl, Martin",1883-1945,35,,,Germany
"Antheunisse, A., ond.",1896-1990,36,,,Netherlands
"Archer, Rev. Raymond LeRoy",1887-1970,37,,,United States of America
"Arff-Schumacher, Elli",1865-1914,38,,,Germany
"Arkel, zr. G. van, diakones  later G. Kiewiet-van Arkel",1903-1984,39,,,Netherlands
"Arms, William, zdl",1802-1889,41,,,United States of America
"Arps, B.J., zdl",1898-1962,42,,,Netherlands
"As, A. van, zdl",1886-1920,43,,,Netherlands
"Asselt, Gerrit van, zdl",1832-1910,44,,,Netherlands
"Augusteijn, zr. Jolina",1905-2000,45,,,Netherlands
"Baan, zr. Maria",1896-1994,46,,,Netherlands
"Baan, M.J.G., zie Voorst-Baan",,47,,,
"Baarbé, Cornelia, ond., evangel.",1894-1981,48,,,Netherlands
"Baarbé, zr. Hendrika",1896-,49,,,Netherlands
"Baarda, M.J. van, zdl",1854-1940,50,,,Netherlands
"Baars, Dingeman Joh., zdl",1907-2000,51,,,Netherlands
"Baier, Georg",1894-1987,52,,,Germany
"Bakker, Dirk,",1865-1932,53,,,Netherlands
"Bakker, Dirk, arts",1898-1973,54,,,Netherlands
"Bakker, F.L.",1893-1971,55,,,Netherlands
"Bakker, G.F.C., zdl",1897-1954,56,,,Netherlands
"Bakker, P., ond.",,57,,,Netherlands
"Balen, J.A. van, zdl.",1854-1941,58,,,Netherlands
"Baljon, J.M.S., zendeling",1891-1978,59,,,Netherlands
"Baltin, zr. A.",-1942/45,60,,,Netherlands
"Bansemer, C.L., zdl.",1885-1953,61,,,Germany
"Bär, Chr. G., zdl.",,62,,,Netherlands
"Bär Sr., J.J., zdl.",1786-1851,63,,,Switzerland
"Bär Jr., J.J., zdl",1829/30-'84,64,,,Netherlands
"Barnstein, Joh. Heinrich, zdl.",1802-1863,65,,,Germany
"Barreveld, zr. Teuntje H.",1902-1978,66,,,Netherlands
"Bart, Johann, zdl.",1893-1943,67,,,Switzerland
"Barth, Wilhelm, zdl.",1869-1950,68,,,Germany
"Bassfeld, Dietrich",1877-1940,69,,,Germany
"Bast, Tijmen, arts",1899-1999,70,,,Netherlands
"Baughman, Rev. Burr J.,",1887-1920,71,,,United States of America
"Bauszat, Chr., zdl",1879-1914,72,,,Germany
"Bauszat-Pistor, Paula",1877-1948,73,,,Germany
"Bavinck, dr. J.H.",1895-1964,74,,,Netherlands
"Bax, Hendrik, zdl.",1887-1940,75,,,Netherlands
"Becker, Emil",1882-1955,76,,,Germany
"Becker, Johann Friedrich",1811-1849,77,,,Germany
"Becker, Karl",1876-1923,78,,,Germany
"Becker, Wilhelm . Dir. PT Becker Brand te Sibolga, penasihat RMG",,79,,,Germany
"Beckman Lapré, mw. L.M.",,80,,,Netherlands
"Bedet, Jozias S., arts",1914-1944,81,,,Netherlands
"Beek, H. van de, zdl > ond.",1897-1961,82,,,Netherlands
"Beek, W. van de, zdl.",1888-1954,83,,,Netherlands
"Beekman, Fred. Gerard.",1870-,84,,,Netherlands
"Beekman, Hendrik Clement",1896-1975,85,,,Netherlands
"Beel, Theodor",1906-1972+,86,,,Germany
"Been, M.",1838-1882,87,,,Netherlands
"Beisenherz, Auguste",1865-1961,88,,,Germany
"Beisenherz, Daniel G.C.",1872-1952,89,,,Germany
"Bekkering, mw. M.J., ond.",,90,,,Netherlands
"Belksma, A., ond., zdl.",1909-1945,91,,,Netherlands
"Belksma, J., ond., zdl.",1884-1942,92,,,Netherlands
"Ben, zr. A.A.C. van der",1892-1966,93,,,Netherlands
"Bent, Nic. W. van der, zdl",1913-1982,94,,,Netherlands
"Benthem Jr., J. van, zdl",1890-1968,95,,,Netherlands
"Berends ten Kate, B., ond., zie Kate, B. Berends ten",,96,,,
"Berg, Jelle, arts",1895-1982,97,,,Netherlands
"Berg, E.J. van den, zdl",1873-1955,98,,,Netherlands
"Berg, H.W. van den, zdl",1895-1945,99,,,Netherlands
"Berg, W.H. van den, zdl",1897-1966,100,,,Netherlands
"Berger, Carl",1875-1947,101,,,Germany
"Berger, Heinrich Julius",-1845,102,,,Germany
"Berghäuser, Heinrich, zdl.",1906-1999,103,,,Germany
"Bernard, William J.",1866-1945,104,,,United Kingdom
"Bertsch, mw. K.",1890/1-1982,105,,,Germany
"Bervoets, dr. H., arts",1867/8-1933,106,,,Netherlands
"Best, Cornelis de, zdl.",1837-,107,,,Netherlands
"Bettink (Betting), H., zdl",1840-1916,108,,,Netherlands
"Betz, Alfred , zdl.,",1905-1976,109,,,Germany
"Betz, Fred. Willem, zdl.",1832-1881,110,,,Netherlands
"Betz, Gottlieb M.C.Ch., zdl.",1874-1947,111,,,Germany
"Betz, mw. Mimi, ond.",,112,,,Netherlands
"Beukhof, J., zwm",1830-1900,113,,,Netherlands
"Beunders, Henri P.G., ond.,",1878-1956,114,,,Netherlands
"Beyer, August Wilhelm",1815-1882,115,,,Germany
"Beyer, Carl Aug. Hermann, zwm",±1840-1918,116,,,Germany
"Beyer, R. , zwm",-1871+,117,,,Germany
"Bezemer, Tammo Jacob, zdl",1869-1944,118,,,Netherlands
"Bieger, Johannes Nicolaas, zdl.",1877-1967,119,,,Netherlands
"Bieger, Phil., zdl",1841-1911,120,,,Netherlands
"Bielefeld, Carl, zdl.",1878-1966,121,,,Germany
"Bielski, zr. Alice I.",1882-1944?,122,,,United States of America
"Bierdrager, Jacob, arts",1903-1984,123,,,Netherlands
"Bierhuys, M.",,124,,,Netherlands
"Bierkuis, mw. L., ond.",,125,,,Germany
"Biersteker, zr. Jannetje,  IM GZbl 1971, 138",1903-1971,126,,,Netherlands
"Biezen, A. van der, ond.",1901-1930,128,,,Netherlands
"Bigler, W., zdl.",1903-1976,129,,,Switzerland
"Bijkerk, J., ond.",,130,,,Netherlands
"Bijkerk, Jac., zdl",1887-1978,131,,,Netherlands
"Bijl, zr. Jansje",1896-1946+,132,,,Netherlands
"Bijl, Adr. van der, ond.",1898-1945,133,,,Netherlands
"Bijlefeld, Jan, zdl.",1895-1934,134,,,Netherlands
"Bijsterveld, Arie, arts",1898-,135,,,Netherlands
"Bikker, ds. A.",1898-1977,136,,,Netherlands
"Billmann, H., zdl",1883-1964,137,,,Germany
"Bink, Gerardus L., zwm > zdl",1844-1899,138,,,Netherlands
"Bittner, Linus H., arts",1890-1959,139,,,United States of America
"Blecher, Friedrich, zdl.",1866-1939,140,,,Germany
"Bliek, A.J., zdl,",1873-1946,141,,,Netherlands
"Blinde, Joost Hendrik, zdl",1873-1948,142,,,Netherlands
"Block, mw. Helene",1874-1945,143,,,Germany
"Blomberg, zr. Lamberta H.",1903-1989,144,,,Netherlands
"Böckmann, mw. Laura",1844-1903,145,,,Germany
"Bodaan, Laurens, zdl",1878-1966,146,,,Netherlands
"Boddé, J., zdl",1849-1917,147,,,Netherlands
"Bode, Werner A., zdl",1890-1942,148,,,Germany
"Bode, A. de, zdl",1839-1873,149,,,Netherlands
"Boer-de Raadt, zr. Sophia Maria Gerardina de",1866-1949,150,,,Netherlands
"Boer, Pieter de",1876-1961,151,,,Netherlands
"Boer, Reyer de, zdl .",1835-1891,152,,,Netherlands
"Boetzelaer van Asperen en Dubbel­- dam, C.W.T. baron van",1973-1956,153,,,Netherlands
"Bogaards, zr. Antje",1913-,155,,,Netherlands
"Boger, F., zdl.",1884-1942,156,,,Germany
"Böhl, Bertha, diakones",1886-1972,157,,,Germany
"Bohlken, dr. S., arts",1904-2000,158,,,Netherlands
"Bokma, zr. J.",,159,,,Netherlands
"Bokma, zr. Louisa Fred.",1902-,160,,,Netherlands
"Boland, ds. B.J.",1916-2003,161,,,Netherlands
"Bolt, zr. Melina",1888-1981,162,,,Netherlands
"Bolwijn, ds. Albert",1854-1935,163,,,Netherlands
"Bomas, Willem",1904-1943,164,,,Netherlands
"Bonebakker, A., arts",1895-1975,165,,,Netherlands
"Bone, mw. A.E.",,166,,,Netherlands
"Bonert, Alwine",1910-,167,,,Germany
"Bonn, Peter, zdl.",1851-1929,168,,,Germany
"Bonzel, J.H.M. van, zdl",1892-1944,169,,,Netherlands
"Boorsma, zr. W.",1887-1939,170,,,Netherlands
"Booy, J.J., ond.",1892-1956,171,,,Netherlands
"Borch, Wilhelm, zdl.",1870-1947,172,,,Germany
"Borden, zr. G. van der",1902-1984,173,,,Netherlands
"Börger, Friedrichzdl.,",1878-1934,174,,,Germany
"Bormeister, J.F., zdl.",1784/5-1825,175,,,Russia
"Borst, L., ond.",1877-1946,176,,,Netherlands
"Borutta, Ludwig, zdl",1879-1959,177,,,Germany
"Bos, mw. zr. D.",,178,,,Netherlands
"Bos, Gerardus, ond.",1896-1945,179,,,Netherlands
"Bos, drs. Hilbrand, ond.",1910-,180,,,Netherlands
"Bos, J.",,181,,,Netherlands
"Bos, Jan, zdl.",1906-1981,182,,,Netherlands
"Bos, Sara Jacoba",1909-1967,183,,,Netherlands
"Bos, zr. M.M. van den",1902-1986,184,,,Netherlands
"Bosch, Jan, ond.",,185,,,Netherlands
"Boshuizen, Willem, ond.",1896-1945,186,,,Netherlands
"Bosman, D.J., ond.",1894-1967,187,,,Netherlands
"Bosman, dr. F.J., arts",1898-1972,188,,,Netherlands
"Bossert, R., zdl",1814-1889,189,,,Netherlands
"Bosshardt, mw. M., ond.",1883-1945,190,,,Netherlands
"Bot Jr, Kornelis Adr., zdl",1903-1989,191,,,Netherlands
"Both, zr. G.A.",1887-1926,192,,,Netherlands
"Boulogne, Bastiaan, zdl.",1899-1974,193,,,Netherlands
"Bout, D.C.A., zdl",1883-1969,194,,,Netherlands
"Bouwer, Pieter J.",1892/3-1971,195,,,Netherlands
"Bovenkamp, J.R. van den, zdl",1865-1901,196,,,Netherlands
"Bower, Harry C.",,197,,,United States of America
"Braches, Ernst Friedrich, zdl.",1844-1922,198,,,Germany
"Bradley, William Paul",1897-1985,199,,,United States of America
"Brakensiek, Heinrich, zdl.",1865-1933,200,,,Germany
"Braun, K., zdl.",1903-1981,201,,,Germany
"Bregenstroth, Ludwig, zdl.",1881-1961,202,,,Germany
"Bremmer, J., arts",1895-1969,203,,,Netherlands
"Bretzler, Johann, zdl",1873-1938,204,,,Germany
"Brill, John Wesley",1904-1985,205,,,United States of America
"Brilman, D., zdl.",1898-1972,206,,,Netherlands
"Brink, Henriëtte Georgine",±1900-,207,,,Netherlands
"Brink, ds. Hendrikus van den",1904-1982,208,,,Netherlands
"Brinkman, H.B., ond.",1884-1960,209,,,Netherlands
"Brinkschmidt, Friedrich, zdl.",1869-1935,210,,,Germany
"Brinkschmidt, Robert, zdl.",1873-1936,211,,,Germany
"Brockhaus, Otto, zdl.",1877-1911,212,,,Germany
"Broek, Gerardus ten, zdl.",1885 -1918,213,,,Netherlands
"Broekgaarden, G.J., ond.",1898-1942+,214,,,Netherlands
"Broekmate, Hermann, zdl.",1873-1910,215,,,Germany
"Bron, mw. Geertje",1912-2000,216,,,Netherlands
"Bronkhorst, mw. Coleta",1902-1973,217,,,Netherlands
"Brouwer, zr. E.",1889-1957,218,,,Netherlands
"Brouwer, Jacob G.",1871?-1939,219,,,Netherlands
"Brouwer, M., zdl",1845-1912,220,,,Netherlands
"Bruch, August, zdl.",1864-1953,221,,,Germany
"Brückner, Gottlob W., zdl. ,",1783-1857,222,,,Germany
"Brückner, Wilhelm, zdl.",1878-1945,223,,,Germany
"Brug Sr., O. van der, zdl",1863-1927,224,,,Netherlands
"Brug Jr., O.E. van der, zdl",1893-1985,225,,,Netherlands
"Brugghen, zr. A.E.P. van der",1889-1952,226,,,Netherlands
"Brugghen, mw. Clara M. vd",1884-1977,227,,,Netherlands
"Bruijn Azn, ds. C. de",1859-1932,228,,,Netherlands
"Bruijn, R. le, zdl",1799-1829,229,,,Netherlands
"Bruijne, Gerrit Adriaan de, arts",1906-1963,230,,,Netherlands
"Bruining, Wernard, zwm",1809-1872,231,,,Netherlands
"Brummelkamp, R., arts",1897-1994,232,,,Netherlands
"Buchanan, Rev. C.S.",,233,,,United States of America
"Buchholz, Charlotte",1866-,234,,,Germany
"Buijsman, mw. N.",,235,,,Netherlands
"Buitelaar, Leendert, arts",1907-1944,236,,,Netherlands
"Bunker, Edward J.",,237,,,United States of America
"Burger, W. Corn., arts",1912-1999,238,,,Netherlands
"Burgers, Mar. Alb., zwm",1823-1869,239,,,Netherlands
"Burgstede, E.C., zdl",1908-1979,240,,,Netherlands
"Burgt, zr. Amelia van de",,241,,,Netherlands
"Burton, Richard",-1828,242,,,United Kingdom
"Buttenaar, H.N., zdl",1787-1833,243,,,Netherlands
"Carey, Jabez, zdl.",1793-1862,244,,,United Kingdom
"Carlson, O.A.",,245,,,United States of America
"Cass, Ms. E., ond.",,246,,,United States of America
"Casteren van Cattenburgh, C.L.",1824/5-1854,247,,,Netherlands
"Cate, zr. H.F. ten,",,248,,,Netherlands
"Chadwick, Ms. Freda P.",,249,,,United States of America
"Chen, J.T.. zdl.",±1905-,250,,,China
"Cheung, F.L., zdl.",±1905-,251,,,China
"Chong, C.C., zdl.",±1905-,252,,,China
"Christiansen, Julius L.F., zdl.",1844-1934,253,,,Germany
"Chu, S.W., zdl.",±1905-,254,,,China
"Clercq, Rijnhart Willem de",1878-1939,255,,,Netherlands
"Clevering, zr. Hendrika",1890-1957,256,,,Netherlands
"Clench, Cliff David ()",±1900-1933,257,,,Canada
"Cole, J. Preston",,258,,,United States of America
"Colenbrander, ds. J.F.",1877-1964,259,,,Netherlands
"Combe, Emma C.",1812-1844,260,,,Switzerland
"Condit, Azubah C. ond.",±1810-1844,261,,,United States of America
"Coolsma, S., zdl",1840-1926,262,,,Netherlands
"Cornet, Pieter, zdl,",1879-1969,263,,,Netherlands
"Coutrier, Louise",1910-,264,,,Netherlands
"Crommelin, ds. Daniël, zdl",1879-1954,265,,,Netherlands
"Cseszkó, G., arts",1902-1945,266,,,Hungary
"Culemann, Herrmann H., zdl.",1855-1909,267,,,Germany
"Cusell, C.J., zdl",1837-1869,268,,,Netherlands
"Dabritz, Edward W., ond.",,269,,,United States of America
"Dake, W.J.L., arts",1890-1973,270,,,Netherlands
"Dalen, Marinus van, zdl",1831-1899,271,,,Netherlands
"Dam, mw. zr. C. van",,272,,,Netherlands
"Dammerboer, J., zdl",1830-1925,273,,,Netherlands
"Damschen, Joh., zdl.",1911-1966,274,,,Germany
"Dannert, Theodor, zdl.",1875-1959,275,,,Germany
"Dannert, dr. W., arts",1894-1981,276,,,Germany
"Dassel, Adolf, zdl.",1866-1945,277,,,Germany
"Dedecker, O., zdl. ()",1887-1968,278,,,Belgium
"Deibler, C. Russell",1905-1943,279,,,United States of America
"Deinum, Sjoukje",-1934,280,,,Netherlands
"Dekker, Hendrik, zdl.",1861-,281,,,Netherlands
"Dekker-Drescher, mw., zie Drescher",,282,,,
"Delfos, ds. A.",1849-1923,283,,,Netherlands
"Denninger, Ernst Ludwig, zdl.",1815-1876,284,,,Germany
"Denyes, J.R.",1869-1936,285,,,United States of America
"Dietrich, Carl",1828-1876,286,,,Germany
"Dietzel, F.W. L, arts",1902-1942,287,,,Germany
"Dijk, A. van, zdl",1878-1942,288,,,Netherlands
"Dijk, D.J. van, zdl.",1898-1987,289,,,Netherlands
"Dijk, ds. K. van",1877-1945,290,,,Netherlands
"Dijk, Tjalling van, ond.",1885-1971,291,,,Netherlands
"Dijk, ds. W. van",1889-1987,292,,,Netherlands
"Dijkema, Klaas, ond.",1886-1970,293,,,Netherlands
"Dijken, H. van, zwm > zdl",1832-1900,294,,,Netherlands
"Dijkhuis, Engelbert, zdl",1900-1981,295,,,Netherlands
"Dijkhuis, Joh., zdl",1904-1942/5,296,,,Netherlands
"Dijkstra, A., zdl",1840-1893,297,,,Netherlands
"Dijkstra, Hendrika Hermina, ond.",,298,,,Netherlands
"Dimbleby, Kate",1858-1923,299,,,United Kingdom
"Dingstee, zr. Alida M. v.",1884-1973,300,,,Netherlands
"Dirks, David, zdl.",1874-1926,301,,,Russia
"Dirks, Heinrich, zdl.",1842-1915,302,,,Russia
"Dittmar, F.J.J.",,303,,,Germany
"Dittmar, Grace M., dl.",1910-1942,304,,,United States of America
"Dixon, Herman, zdl.",1908-1994,305,,,United States of America
"Dolman, C., zdl",1911-1991,306,,,Netherlands
"Dommers, A., zdl",1796/7-1841,307,,,Netherlands
"Donselaar, W.M., zdl",1820-1883,308,,,Netherlands
"Doorn, dr. C.L. van, zdl",1896-1975,309,,,Netherlands
"Doren, William Th. van, zdl.",,310,,,United States of America
"Dörmann, Friedrich, zdl.",1901-1983,311,,,Germany
"Dornsaft, Joh. Wilhelm, zdl.",1847-1915,312,,,Germany
"Dorst, Sybrig, ond.",1905-1992,313,,,Netherlands
"Doty, Elihu, zdl.",1809-1864,314,,,United States of America
"Douwes, D., zdl",-1835,315,,,Netherlands
"Doyer, Thomas, zdl.",1822-1861,316,,,Netherlands
"Dreckmeier, G.J., arts",1895-1992,318,,,Netherlands
"Drescher, zr. M. (Dekker-)",,319,,,Netherlands
"Dresselhaus, Bernhardine",1881-1925,320,,,Germany
"Drinhaus, Peter",1889-1950,321,,,Germany
"Drost, H., zdl.",1865-1940,322,,,Netherlands
"Drost, zr. H.J.",,323,,,Netherlands
"Droste, Jan Frederi(c)k, zdl.",1864-1915?,324,,,Netherlands
"Duinker, F., zdl.,",1912-1943,325,,,Netherlands
"Duker, Willem, ond.",1913-2010,326,,,Netherlands
"Dunnebier, W., zdl",1877-1955,327,,,Netherlands
"Durkstra, ds. Eduard",1909-1987,328,,,Netherlands
"Dürr, dr. Johannes, ond.",1904-1972,329,,,Switzerland
"Dutton, Emily",1860-1939,330,,,United Kingdom
"Duymaer van Twist, A.J., arts",1867 -1923,331,,,Netherlands
"Duyvendak, H.W., zdl",1893–1950,332,,,Netherlands
"Eck, R. van, zdl",1842-1901,333,,,Netherlands
"Eckert, August, zdl.",1871-1902,334,,,Germany
"Edborg, Ms. V.M. ()",,335,,,Sweden
"Eelen, H.G. van, zdl",1888-1958,336,,,Netherlands
"Eelsing, Hendrik (NL)",1896-1971,337,,,
"Eendenburg, S. van, zdl",1853-1912,338,,,Netherlands
"Eerland, L.D., arts",1897-1977,339,,,Netherlands
"Eggenberger, Agathe, ond.",1904-1991,340,,,Switzerland
"Eggink, H.J., zdl",1875 -1940,341,,,Netherlands
"Eggink, Jacoba Maria, ond.",1912-2008,342,,,Netherlands
"Eglin, zr. Anna Maria",1893-1970,343,,,Germany
"Eigen, P.K. Otto von, ond.",1888-1984,344,,,Germany
"Eigenbrod, Friedrich, zdl",1885-1936,345,,,Germany
"Eijgendaal, J., zdl",1897-1981,346,,,Netherlands
"Eijgenraam, Fr., ond.",1898-1967,347,,,Netherlands
"Eijk, ds. P.H. van",1899-1960,348,,,Netherlands
"Eijkhout, Anna S. van, ond.",1882-1923,349,,,Netherlands
"Eijkman, Koenraad Hein, arts",1898-1950,350,,,Netherlands
"Eklund, Rev. Abel",,351,,,United States of America
"Ekris, Arris van, zdl",1830-1868,352,,,Netherlands
"Ellen, zr Alida M.J.",1908-1970,353,,,Netherlands
"Ellen, G.J., zdl",1876-1957,354,,,Netherlands
"Ellinghaus, Emil, zdl.",1881-1952,355,,,Germany
"Emmerik, Adolf Th. Jac. van",1858-1924,356,,,Netherlands
"Emmerik-Cleverly, Alice Corn.",-1941,357,,,United Kingdom
"Endt, A. van der",1881-1969,358,,,Netherlands
"Endt, Johanna P. van der, ond.",1894-1920,359,,,Netherlands
"Engelberts, zr. A.E.W.Ch.",1898-1965,360,,,Netherlands
"Engelen, C.A.J. van, zdl",1873-1949,361,,,Netherlands
"Engelen, Mej .M.B. van, arts",1911-1977,362,,,Netherlands
"Engelmann, dr. W.H.",1836-1868,363,,,Netherlands
"Enklaar, dr. I.H., theoloog",1911-1994,364,,,Netherlands
"Ennis, Jacob, zdl.",,365,,,United States of America
"Enserinck, zr. Amalia Const.",1872-1928,366,,,Netherlands
"Epple, mw. A.",1909-,367,,,Germany
"Epple, Karl David, zdl.",1877-1944,368,,,Germany
"Eriks, Neeltje, diacones",1883-1945?,369,,,Netherlands
"Erkelens, J.L., ond.",1908-1984,370,,,Netherlands
"Erlecke, F.K.",,371,,,Germany
"Erlen, Paul von, zdl.",1877-1914,372,,,Germany
"Essen, A. van, zdl",1877-1953,373,,,Netherlands
"Essen, A.Ch. van, zwm > zdl",1832-±1905,374,,,Netherlands
"Esser, dr. ds. B.J.",1876-1944,375,,,Netherlands
"Esser, Cornélie Cath. H., ond.",1911-1945,376,,,Netherlands
"Esser, dr. Julius Pieter, zdl.",1852-1889,377,,,Netherlands
"Esser, Sam. Jonathan David",1874-1948,378,,,Netherlands
"Esser, Samuel Jonathan",1900-1944,379,,,Netherlands
"Evans, Charles, zdl.",-1869,380,,,United Kingdom
"Everaars, Pieter R., ond.",1884-1955,381,,,Netherlands
"Exel, Frederick Hendrik, zwm",1828-1881,382,,,Netherlands
"Faass, G.",,383,,,Germany
"Faassen, Gradus",1880-1971,384,,,Netherlands
"Faber, C.W., ond.",1905-1945,385,,,Netherlands
"Fankhauser, Ms. Rose E.",,386,,,United States of America
"Fast, Joh. Gerhard, zdl.",1861-1941,387,,,Russia
"Fast, J.J., arts",1892-1945,388,,,Germany
"Fastenrath, W., zdl",1906-,389,,,Germany
"Fauser, Fr. August, zwm",1827-1865,390,,,Germany
"Feher, K.E. von, arts",1883-,391,,,Hungary
"Fehr, Adam, zdl.",1850-1932,392,,,Germany
"Feige, Ernst Wilhelm, zdl.",1840-1901,393,,,Germany
"Feist, zr. Käthe L.A.",1892-1979,394,,,Germany
"Feldsieper, zr. Auguste",1891-,395,,,Germany
"Ferguson, C., zdl",1891-1934,396,,,Netherlands
"Fiebig, Friedrich, zdl.",1887-,397,,,Germany
"Fiedler, J.F. , zdl",1807/8-1837,398,,,Germany
"Finke, Wilhelm Heinrich, zdl.",1885-1964,399,,,Germany
"Finn, J., zdl.",1789-1853,400,,,Netherlands
"Finster, Lewis V.",1873-1977,401,,,United States of America
"Fischer, Friedrich, zdl.,",1880-1960,402,,,Germany
"Fischer, Hugo, zdl.",1883-1951,403,,,Germany
"Fischer, dr. Isaac Antoon, arts",1896 -1971,404,,,Netherlands
"Fisher, Rev. Albert H.",,405,,,United States of America
"Fisk, George Elba",1905-1977,406,,,United States of America
"Flach, Gustav Johann, zdl.",1908-,407,,,Switzerland
"Flach, J.C., arts",1884-1964,408,,,Netherlands
"Flender, Wilhelm, zdl.",1911-2000,409,,,Germany
"Flick, Alfred, zdl.",1907-1979,410,,,Germany
"Flückiger, P., zdl.",1895-1958,411,,,Switzerland
"Föhl, zr. W.M. ( Zwits.?)",1884-1939,412,,,Germany
"Fokkema, Hetty",1905-1986,413,,,Netherlands
"Fonkert, zr. H.",1887-1966,414,,,Netherlands
"Fortgens, Jac., zdl",1876-1955,415,,,Netherlands
"Franken, Carl, zdl.",1881-1942,416,,,Germany
"Frederiksen, K/C.",,417,,,Scandinavia
"Freeman, Rev. Mark",1881-1959,418,,,United States of America
"Freitag, Eduard, zdl.",1903-1932,419,,,Germany
"Frickenschmidt, Chr.W., zdl.",1856-1935,420,,,Germany
"Fries, Eduard, zdl.",1877-1923,421,,,Germany
"Fries, Ms. Ruth M.",,422,,,United States of America
"Frouws, Jac., ond.",1894-1933,423,,,Netherlands
"Fuchs, Nikolaus, zdl.",1877-1931,424,,,Germany
"Gabriel, Carl, zdl.",1880-1952,425,,,Germany
"Gaikhorst, T.A., ond.",1883-,426,,,Netherlands
"Garnerus, Annette, ond.",1889-..,427,,,Germany
"Gazendam, zr. Grietje",1891-1963,428,,,Netherlands
"Geer, jvr. zr. J.M. de, diacones",1878-1945,429,,,Netherlands
"Geerdink, A., zdl",1829-1878,430,,,Netherlands
"Geerse-Matze, P.I., zie Matze",,431,,,
"Gehrels, C.A., arts",1881-1921,432,,,Netherlands
"Geissler, Gustav A.W., zdl,",1865-1935+,433,,,Netherlands
"Geissler, J.G. zwm",1830-1870,434,,,Germany
"Gelder, zr. C.J.M. van",,435,,,Netherlands
"Geleijnse, ds. M.",1893-1985,436,,,Netherlands
"Genderen, zie van den Hoven van Genderen",,437,,,
"Gennip, Hindrik Doewes v., zdl",1822-1866,438,,,Netherlands
"Gericke, G.F.A., zdl.",1801/2-'34,439,,,Germany
"Gericke, J.F.C.",1799-1857,440,,,Germany
"Gericke, Paul A., zdl.",1865-1926,441,,,Germany
"Gericke, Wilhelm Ed. Friedr., zdl",1863-1940,442,,,Germany
"Gerlach, Georg, zdl",1885-1946?,443,,,Germany
"Giezendanner, zr. Elise",1906-1997,444,,,Switzerland
"Gijsman, P.N., zdl",1844/5-1919,445,,,Netherlands
"Gillis, Walter Emslie ()",1974-1954,446,,,Canada
"Gink, zr. J.M. van",1881-1965,447,,,Netherlands
"Ginsberg, Gustav, zdl.",1872-1943,448,,,Germany
"Glastra, zr. M.",1899-1985,449,,,Netherlands
"Gnirrep, Anna",,450,,,Netherlands
"Godau, Anna Rosine",1888-,451,,,Germany
"Godwin, Mrs.",,452,,,United States of America
"Goedhart, C., arts",,453,,,Netherlands
"Goemaat, Louise  (GZbl 1931, 198; 1937, 217)",1904-1992,454,,,Netherlands
"Goes, Wilhelmus van der, zwm",1823-1879?,456,,,Netherlands
"Goetsch, August W.F., zdl",1844-1870,457,,,Germany
"Gokkel, zr. Aletta Maria",1874-,458,,,Netherlands
"Gonggrijp, Justus R.P.F., zdl  1831-1861)",1827-1909,459,,,Netherlands
"Goossen, zr. Helena",1889-1945,461,,,Russia
"Goossens, ds. S.J.P.",1902-1983,462,,,Netherlands
"Goris, mw. A.M., ond.",,463,,,Netherlands
"Gort, zr. G.",1897-,464,,,Netherlands
"Goslinga, J.J.J., arts",1906-1987,465,,,Netherlands
"Gotschall, Newton I., ond.",1893-1979,466,,,United States of America
"Göttin, J.W.",,467,,,Switzerland
"Goudoever, J. van, ond.",1900-1962,468,,,Netherlands
"Goudswaard, A., zdl",1830-1864,469,,,Netherlands
"Gouweloos, M.J., zdl",1898-1942,470,,,Netherlands
"Graaf, zr. Adriana Anneke de",1906-1974,471,,,Netherlands
"Graaf, C. de, zdl",1846-1905,472,,,Netherlands
"Graaf, zr. Car. Louise de",-1962,473,,,Netherlands
"Graaf, dr. H.J. de, ond.",1899-1984,474,,,Netherlands
"Graaf, K. de, zdl",1909-1944,475,,,Netherlands
"Graafland, N., ond.",1827-1898,476,,,Netherlands
"Graafstal, Dominicus",1871-1927,477,,,Netherlands
"Graafstal-vd Steur, S.M.",1868-1962,478,,,Netherlands
"Gräb, Karl Ludwig ()",1873-1939,479,,,Belgium
"Gräber, Ida",1980-1953,480,,,Germany
"Gramberg, K.P.C.A., arts",1895-1996,481,,,Netherlands
"Gramberg, ds. Th.W.B.G.",1897-1983,482,,,Netherlands
"Grashuis, mr. Gerhardus Jan",1835-1920,483,,,Netherlands
"Grau, W. zdl",1886-1924,484,,,Germany
"Graumann, Wilhelm",1906-2000,485,,,Germany
"Griebenow, Ms. Viola M.",,486,,,United States of America
"Griffin, David",,487,,,United States of America
"Grim(m), Johan P., zwm (D)",1812-1857,488,,,Netherlands
"Groep, Jacob van de",1885-1977,490,,,Netherlands
"Groesbeek, Cornelis",1874-1953,491,,,United States of America
"Grohe, A., zwm",1825-1891,492,,,Germany
"Grondel, Pieter Joh., zdl",1901-1955,493,,,Netherlands
"Grondsma, zr. Hilly",1898-1942/5,494,,,Netherlands
"Groot, Albertus Karel de, zdl.",1896-1975,495,,,Netherlands
"Groot, J.H. de, zdl",1891-1973,496,,,Netherlands
"Groot, dr. Klaas Pieter, arts",1888-1965,497,,,Netherlands
"Groot, zr. W.M. de",1907-1998,498,,,Netherlands
"Grootendorst, zr. G., zie G. Voordouw-Grootendorst",,499,,,
"Guillaume, Henri Alouis zdl",1865-1930,500,,,Germany
"Gunther, P., zwm",1833-1888,501,,,Netherlands
"Güse, Theodor, arts",1904-1936,502,,,Germany
"Guther, Ferdinand, verpleger",1905-1990,503,,,Germany
"Gützlaff, Karl Fr. A.",1803-1851,504,,,Germany
"Haaft, Dirk Albertus ten, zdl",1908-1988,505,,,Netherlands
"Haag, Pieter Bernardus, zdl",1844-1925,506,,,Netherlands
"Haan, A. de, zdl",1854-1921,507,,,Netherlands
"Haan, Enno, zdl",1845-1898,508,,,Netherlands
"Haan, J.G. de, zdl",1876-1959,509,,,Netherlands
"Haan, Fannie M. de, ond.",,510,,,Netherlands
"Haandrikman, G., diakones",1898-1986,511,,,Netherlands
"Haas, C. de, verpleger",,512,,,Netherlands
"Haas, ds. Willem Samuel de",1883-1973,513,,,Netherlands
"Haffner, Hugo, zdl.",1903-1982,514,,,Germany
"Hager, Fr. Chr. Wilhelm, zdl",1840-1900,515,,,Germany
"Haibach, Wilhelm, zdl",1880-1953,516,,,Germany
"Hall, Rev. C.J.",,517,,,United States of America
"Hamacher, Alwine, verpleegster",1889-1954,518,,,Germany
"Hamel, Rev. J. Carel",1897-1979,519,,,Netherlands
"Hamer, Gerard Pieter, ond.",1882-1966?,520,,,Netherlands
"Hampp, Herrmann, zdl",1882-,521,,,Germany
"Hangelbroek, Hendr. Marg. Reb.",1903-,523,,,Netherlands
"Hansen, Mina",,524,,,Scandinavia
"Hanstein, Ludwig, zdl",1853-1929,525,,,Germany
"Hardeland, August, zdl",1814-1891,526,,,Germany
"Harder, Albert Gottfried, zdl",1870-1945,527,,,Germany
"Harder, Alfriede",1896-1971,528,,,Germany
"Harmsen, Leendert Karel, zdl",1844-1919,529,,,Netherlands
"Hartgerink, Jan Willem, arts",1887-1948,530,,,Netherlands
"Hartgerink, zr Elisabeth Louise Thérèse",1891-,531,,,Netherlands
"Harthoorn, S.E., zdl",1831-1883,532,,,Netherlands
"Hartig, F.",1804-1854,533,,,Germany
"Hartfeld, zr. S.",,534,,,Germany
"Hartweg, Friedrich Wilhelm, zdl",1891-1935,535,,,Germany
"Hartwig, Friedrich, zdl",1880-1930,536,,,Germany
"Haspers, Geziena",1906-1979,537,,,Netherlands
"Hasselmeyer, zr. E.",,538,,,Netherlands
"Hasselt, F.J.F. van, zdl",1870-1939,539,,,Netherlands
"Hasselt, J.L. van, zdl",1839-1930,540,,,Netherlands
"Hasselt, W.H.Th. van, zdl",1872/3-1930,541,,,Netherlands
"Hawthorne, Kath. Rader, zdl",1891-1980,542,,,United States of America
Hazewindus. zr. H.,1902-1986,543,,,Netherlands
"Hebbenaar, zr. Elberta C.L.",1909-1942,544,,,Netherlands
"Hebeler, Heinrich, zdl",1905-1982,545,,,Germany
"Hecker, Philipp. zdl",1892-1984,546,,,Germany
"Heemskerk, mw. M., ond.",,547,,,
"Heen, zr. A.",,548,,,Netherlands
"Heerig, Chr., zdl",1867-1918,549,,,Germany
"Heeringa, Gosse, ond.",1906-1985,550,,,Netherlands
"Heertjes, N., ond.",1880-1953,551,,,Netherlands
"Heidema, zr. A.J.  Foto GZbl 1936, 111",1903-1997,552,,,Netherlands
"Heider, Heinrich",1848-> 1892,554,,,Germany
"Heienbrock, Wilhelm, zdl",1855-1949,555,,,Germany
"Heijmering, G., zdl",1792-1867,556,,,Netherlands
"Hein, Piet, ond.",1895-,557,,,Netherlands
"Heine, Carl W., zdl",1833-1897,558,,,Germany
"Heine, Ludwig",1855-1884,559,,,Germany
"Heintze, K.E.E., zdl",1897-1981,561,,,Germany
"Hekstra, Doeke, ond.",1901-1972,562,,,Netherlands
"Hekstra-Koolstra, M.A.",1903-1945,563,,,Netherlands
"Held, dr. Gerrit Jan",1906-1955,564,,,Netherlands
"Hellendoorn, G.J., zdl",1792/3-1839,565,,,Netherlands
"Heller, Arn. H.O., zdl.",1864-1936,566,,,Germany
"Hellweg, Friedrich Wilh., zdl",1855-1886,567,,,Germany
"Helsdingen, mw. J.M. van",1887-1962,569,,,Netherlands
"Henkel, Anna",1888-1976,570,,,Germany
"Hendrich, Carl Christian, zdl",1837-1894,571,,,Germany
"Hendrich (Jr.), Carl Chr., zdl",1878-1964,572,,,Germany
"Hendriks, Hein, zdl",1854-1917,573,,,Netherlands
"Henke, Dorothea",1875-1945,574,,,Germany
"Henking, H., zdl",1884-1962,575,,,Switzerland
"Hennemann, Johann Ph., zdl",1835-1913,576,,,Germany
"Hensgen, Paul, zdl",1879-1918,577,,,Germany
"Hering, F.W. zdl",1899-1942,578,,,Germany
"Herling, Wilhelm. zdl",1874-1912,579,,,Germany
"Hermann, Carl Richard, zdl",1869-1905,580,,,Germany
"Hermann, Friederike L.",1879-1916,581,,,Germany
"Herrmann, C.T., zdl",1808-1851,582,,,Germany
"Hes, Joh. Cornelia, ond.",1884-1951,583,,,Netherlands
"Heuschmann, zr. Marie",1898-1964+,584,,,Germany
"Heusdens, H.C., zdl",1904-1942,585,,,Netherlands
"Heuvel, M van den",,586,,,Netherlands
"Heyer, Philipp Jakob, zdl",1807-,587,,,Germany
"Hibbard, Rev. Elisha R.",-1945+,588,,,United States of America
"Hiebink Rooker, J., zdl",1866-1943,589,,,Netherlands
"Hijkoop, Maarten Wl., diakon",1885-1981,590,,,Netherlands
"Hildering, ds. H.A.C.",1898-1986,591,,,Netherlands
"Himmelmann, J.H., zdl",-1841,592,,,Germany
"Hiorth, F.W. ()",,593,,,United Kingdom
"Hippenstiel, Ludwig, zdl",1971-1945,594,,,Germany
"Hissink, Jac. Assuerus",1880-1941,595,,,Netherlands
"Hoefman, Roelf",1900-1979,596,,,Netherlands
"Hoekendijk, C.J., zdl",1873-1948,597,,,Netherlands
"Hoekendijk, zr. Marg. Louisa",1902-1935,598,,,Netherlands
"Hoeksema, Auktje, ond.",1908-±2000,599,,,Netherlands
"Hoekstra, arts G.J.",1907-1987,600,,,Netherlands
"Hoefen/Höfen, Carl L.A., zdl",1817-1890,601,,,Germany
"Hoezoo, Wessel, zdl",1826-1896,602,,,Netherlands
"Hoffmann, Martha",1899-1975,603,,,Germany
"Hoffmann, Wilhelm",1868-1920,604,,,Germany
"Hofman, zr. L.",1902-,605,,,Netherlands
"Hofman, Ph.H.C., zdl",1876/7-1919,606,,,Netherlands
"Hofmeister, Ernst Eduard",,607,,,Germany
"Hogerwaard, T. zdl",1908-1972,608,,,Netherlands
"Holland, Ms. A.J.",,609,,,United States of America
"Hollander, zr. H.H.B.",1907-2000,610,,,Netherlands
"Holmberg, Ms. Hilda. C.",,611,,,United States of America
"Holtz, F.W., zdl.",1799-1843,612,,,Germany
"Homan, M., ond.",1899-1991,613,,,Netherlands
"Hondius, mw. M.M., ond.",1904-1964,614,,,Netherlands
"Hooft, L.K. van 't, arts",1884-1938,615,,,Netherlands
"Hoogstraten, ds. S.A. van, zdl (!)",1896-1945,616,,,Netherlands
"Hoppe, Erwin, zdl",1906-1988,617,,,Germany
"Hoppe, F.W.H., zdl",1892-,618,,,Germany
"Hörchner, mw. J. G., arts",1905-1995,619,,,Netherlands
"Horley, Rev. Wm. Edw.",1870-1931,620,,,United States of America
"Horn, E.B.G. (Georg), ond.,",1888-1971,621,,,Germany
"Horn, H.A.",,622,,,United States of America
"Horn, Siegfried H.V.",1908-1993,623,,,Germany
"Hörsch, zr. M.",1900-1983,624,,,Switzerland
"Horst, F.C. van der, arts",1903-1977,625,,,Netherlands
"Horstman, Reginus Joh., zdl",1856-1924,626,,,Netherlands
"Houter, J.P.D. den, zdl",1871-1903,627,,,Netherlands
"Höveker, J.E., zdl,",1798-1873,628,,,Netherlands
"Hoven van Genderen, G. vd, zdl,",1915-1985,629,,,Netherlands
"Höweler, dr. Th.A.H., arts",1907-1994,630,,,Netherlands
"Howell, Ms. Mary E.",,631,,,United States of America
"Huber, J., zdl",1885-1951,632,,,Switzerland
"Hübert, Johann, zdl.",1864-1944,633,,,Russia
"Hudel, Ernst, zdl",1903-1996,634,,,Germany
"Hueting, André, zdl",1868-1961,635,,,Netherlands
"Huisingh, S., zdl",1848-1902,636,,,Netherlands
"Huisman, zr. K.",,637,,,Netherlands
"Huitema, mw. dr. W., arts",1907-1990+,638,,,Netherlands
"Hulleman, zr. A.M., diakones",1898-1985,639,,,Netherlands
"Hulman, zr. A.F.G.",na 1956,640,,,Netherlands
"Hulman, Maria Antonia",1881-1963,641,,,Netherlands
"Hulstra, A., zdl",1865-1940,642,,,Netherlands
"Hulzebos, zr. E., diakones",1870-1945,644,,,Netherlands
"Hungerford, E.K.G.",,645,,,Austria
"Hupe, Johann Michael Carl, zdl",1818-1861,646,,,Germany
"Hupperts, Johann G., zdl",1812-1859,647,,,Germany
"Huvers, zr. H.J., diacones",1897-1978,648,,,Netherlands
"Hutchinson, Maude",,649,,,United States of America
"Huysingh, David",1855-1904,650,,,Netherlands
"Iken, zr. Alida  d.v. J. Iken, geb. Depok, † Btv",1890-1931,651,,,Netherlands
"Iken, J., zdl",1881-1944,653,,,Netherlands
"Illing, Helmut, zdl",1907-1979,654,,,Germany
"Ingham, E.",,655,,,United Kingdom
"Ingwersen, ds. H.Ph.",1878-1950,656,,,Netherlands
"Iperen, zr. Cornelia van",1894-1997,657,,,Netherlands
"Irle, Heinrich, zdl",1906-1983,658,,,Germany
"Irle, Tillman E., zdl.",1848-1921/2,659,,,Germany
"Israel, Johan H.Chr., zdl",1850-1935,660,,,Netherlands
"Jackson, Fred C.",-1942,661,,,United States of America
"Jacobs, Johan Gerard R.",1860-1920,662,,,Netherlands
"Jaesrich, G. , zwm",-1866,663,,,Germany
"Jaffray, Margaret ()",1907-1959,664,,,Canada
"Jaffray, Robert A. ()",1873-1945,665,,,Canada
"Janfrüchte, E., zdl",1844-1923,666,,,Germany
"Jansen, Arnoldus Hendrik",-1931,667,,,Netherlands
"Jansen, Gerben Jacob, ond.",1895-1944,668,,,Netherlands
"Jansen-v Engelen, M.B.",1911-1977,669,,,Netherlands
"Jansen Klomp, G.H., diakoon",1886-1952,670,,,Netherlands
"Jansen Schoonhoven, L., zdl",1905-1984,671,,,Netherlands
"Jansz, Cornelis Pieter, ond.",1886-1973,672,,,Netherlands
"Jansz, Pieter, zdl.",1820-1904,673,,,Netherlands
"Jansz, Pieter Anthonie, zdl",1853-1942/5,674,,,Netherlands
"Jaspers, G. arts",,675,,,Netherlands
"Jellesma, J.E., zdl",1816-1858,676,,,Netherlands
"Jenken, zr. Geertruida W.G.",1902-1959,677,,,Netherlands
"Jens, F.J., zdl",1889-1944,678,,,Netherlands
"Jens, K.Th., zdl",1893-1974?,679,,,Netherlands
"Jens, W.L., zdl",1849-1925,680,,,Netherlands
"Jens(s)en, Ch.",,681,,,Scandinavia
"Jenssen, N.",,682,,,Scandinavia
"Jeschawitz, Horst, zdl",1901-1975,683,,,Germany
"Johannissen, S.",,684,,,Scandinavia
"Johannsen, Peter Hinrich, zdl",1839-1898,685,,,Germany
"Johannsen, Peter, arts",1894-1950,686,,,Germany
"Jong, zr. Geertje de",1911-1998,687,,,Netherlands
"Jong, Gjalt de, ond.",1900-1987,688,,,Netherlands
"Jong, dr. Jan Pieter de, arts",1901-1976,689,,,Netherlands
"Jong, Leentje de",1894-,690,,,Netherlands
"Jong, zr. T. de",1894-,691,,,Netherlands
"Jonge, mw. dr. J.A. de, arts",1892/3-1978,692,,,Netherlands
"Jonkman, H., ond.",1893-1957,693,,,Netherlands
"Joost, R.P.A.Ch. van, arts",1902-1943/5,694,,,Netherlands
"Jordan, Karl-Heinz",1911-1994,695,,,Germany
"Joustra, Meint, zdl",1871-1926,696,,,Netherlands
"Juda, E.E., arts",,697,,,Netherlands
"Judge, Bernard",1879-1959,698,,,Austria
"Juffernbruch, Fred., zdl",,699,,,Germany
"Jung, Georg Johannes, zdl",1862-1914,700,,,Germany
"Jungmichel, J.C., zdl",1787-1843,701,,,Germany
"Jüngst, A.",1860-1921,702,,,Germany
"Jürgens, Johannes, zdl",1887-1952,703,,,Germany
"Juutilainen, H. ()",,704,,,Finland
"Kaal, Hermanus, ond.",1902-1988,705,,,Netherlands
"Kabelitz, H.K.O., zdl.",-1929,706,,,Germany
"Kaiser, Herrmann W.F., zdl.",1869-1953,707,,,Germany
"Kaiser, Wilhelm, zdl",1904-1989,708,,,Germany
"Kal, E.Th., arts",1911-1966,709,,,Netherlands
"Kam, Joseph, zdl/pred.",1769-1833,710,,,Netherlands
"Kamma, dr. F.C., zdl",1906-1987,711,,,Netherlands
"Kammann, Wilhelm, zdl",1909-1942,712,,,Germany
"Kamp, zr. Frieda",1888-1964,714,,,Germany
"Kamp, Friedrich W., zdl.",1853-1928,715,,,Germany
"Kamps, J.D., zwm",1842-1871,716,,,Netherlands
"Kappner, Emil Oskar, zdl",1878-1934,717,,,Germany
"Karbe, F.W., zdl",1793-1828,718,,,Germany
"Karelse, ds. Jacobus",1900-1995,719,,,Netherlands
"Kate, B. Berends ten, ond.",1882-1938,720,,,Netherlands
"Kate, zr. H.F. ten",1894-1980,721,,,Netherlands
"Kate, Marius Anne ten, ond.",1893-1979,722,,,Netherlands
"Kate, Pieter ten, zdl  † 29-11-18",1880-1918,723,,,Netherlands
"Kate, zr. P.F. ten",1904-1995,724,,,Netherlands
"Kats, Jacob, zdl",1875-1945,725,,,Netherlands
"Keijser, P. de, zdl",1803/4-1840,726,,,Netherlands
"Keil, Klara, diakones",±1885-1937+,727,,,Germany
"Kekem, E.G. van, zdl",1902-1971,728,,,Netherlands
"Kelling, Fr., zwm",1829-1900,729,,,Germany
"Kelling, M., zdl",1863-1912,730,,,Netherlands
"Kelling, Paul, zdl",1865-1924,731,,,Netherlands
"Kemp, Margaret",,732,,,United States of America
"Kempen, dr. A.E. van arts",1909-?,733,,,Netherlands
"Kempers, zr. C., diakones",1900-2000,734,,,Netherlands
"Kersten, Joh. Gottlieb, zdl ()",1860-1900,735,,,Germany
"Kessel, Valentin, zdl",1850-1932,736,,,Germany
"Ketel, dr. Arie Pieter, arts",1894-1971,737,,,Netherlands
"Keuch, Wilhelm, zdl",1903-1930,738,,,Germany
"Keuchenius, ds. Adr. François",1895-1944,739,,,Netherlands
"Keulemans, zr. A.F.C.",1912-2006,740,,,Netherlands
"Keyser, P., zdl",1801/2-1940,741,,,Netherlands
"Kieft, Nicolaas, zdl",1897-1942/5,742,,,Netherlands
"Kienlein, Heinrich, zdl",1876-1929,743,,,Germany
"Kijftenbelt, F., zdl",1835-1908,744,,,Netherlands
"Kijne, I.S., zdl",1899-1970,745,,,Netherlands
"Kime, Dallas Spencer",1889-1985,746,,,United States of America
"Kind, Fr. Chr. Wilhelm, zdl",1830-1859,747,,,Germany
"Kiss, Andreios von, arts",,748,,,Hungary
"Kissing, Margarete",1905-1998,749,,,Germany
"Klaassen, Johann, zdl.",1872-1950,750,,,Russia
"Klaassen, zr. Maria",1906-,751,,,Germany
"Klaassen, Thomas Fred., zdl",1836-1871,752,,,Netherlands
"Klaiber, J., zdl",1896-1962,753,,,Switzerland
"Klaiss, Johannes, ond.",1905-1962,754,,,Germany
"Klammer, J. Carl, zdl.",1826-1919,755,,,Germany
"Klappert, Erich, zdl",1908-1982,757,,,Germany
"Klarenbeek, W.N., zdl.",1888-1945,758,,,Netherlands
"Klaus, Armin V.",,759,,,United States of America
"Klaver, Piet",1890-1970,760,,,Netherlands
"Klaveren, Richard D. van",,761,,,United States of America
"Klein, zr. Elisabeth",1905-,762,,,Netherlands
"Kleine, Heinrich de",1901-1970,763,,,Germany
"Kleinjan, D.J., timmerman, smid",1883-1915,764,,,Netherlands
"Kleyn, dr. L.J., arts",1908-1944,765,,,Netherlands
"Klift, H. van der, zdl",1885-1952,766,,,Netherlands
"Klijnstra, Wolke, zdl",1864-1907,767,,,Netherlands
"Klinkert, H.C., zdl.",1829-1913,768,,,Netherlands
"Knecht, P.",1793/4-1823,769,,,Switzerland
"Ködding, Mathilde",1878-1951,770,,,Germany
"Ködding, Wilhelm, zdl",1837-1897,771,,,Germany
"Koelewijn, Dirk, ond.",1869-1936,772,,,Netherlands
"Koene, zr. Agatha Maria",1909-,773,,,Netherlands
"Koeverden Brouwer, G.H. v,an",1905-1953+,774,,,Netherlands
"Kok, A., zdl",1885-1970,775,,,Netherlands
"Kok, Dirk, zdl",1890-1944,776,,,Netherlands
"Kolk, Jan Christoffel, zdl",1908-1987,777,,,Netherlands
"Kölling, W.J.",,778,,,Germany
"Kombrink, zr. M.",-1974,779,,,Netherlands
"Könemann, Willem, zdl",1905-1964,780,,,Netherlands
"Kooi, zr. Ietje",1906-,781,,,Netherlands
"Kooistra, A., zdl",1894-1969,782,,,Netherlands
"Koole, Jacob, ond.",1897-1944,783,,,Netherlands
"Koomen, P. de, ond.",1890-,784,,,Netherlands
"Koops-Veldkamp, ny. zr. C.",,785,,,Netherlands
"Korvinus, Hinka Laura, ond.",1913-1987,786,,,Netherlands
"Korvinus, ds. L.W.",1910-1975,787,,,Netherlands
"Koster, Johan Philip Daniel, zdl",1829-1864,788,,,Netherlands
"Kraemer, dr. H.",1888-1965,789,,,Netherlands
"Krafft, dr. A.J.C., ond.  theoloog, historicus, geograaf",1892-1964,790,,,Netherlands
"Kramer, Friedrich, zdl",1844-1920,792,,,Germany
"Kranz, Sophie P.",-1896,793,,,Germany
"Krautschick, A.I.",,794,,,Germany
"Kreck, Fritz, zdl",1905-1982,795,,,Germany
"Kreemer, J., zdl",1844/5-1907,796,,,Netherlands
"Krieg, Elfriede, ond.",1889-> 1952,797,,,Germany
"Krijger-Hulleman, A.M., zie Hulleman, A .M.",,798,,,
"Krijger, ds. L.P.",1884-1977,799,,,Netherlands
"Krijger, D.H., verpleger",1893-1987,800,,,Netherlands
"Kroeskamp, dr. H., ond.",1897- 1977,801,,,Netherlands
"Kroeze, zr. Grietje Rensina",1903-2005,802,,,Netherlands
"Kroh, Paul, zdl.",1897-1981,803,,,Germany
"Kronshage, zr. Antonie",1884-,804,,,Germany
"Kruit, zr. Petr. van der",1897-,805,,,Netherlands
"Kruijver, zr. Maartje",1894-,806,,,Netherlands
"Krul, P., zdl",1878-1945,807,,,Netherlands
"Krumm, Ewald F.",1866-1903,808,,,Germany
"Krüsmann, F.W., zdl",-1837,809,,,Germany
"Kruyt, A., zdl",1860-1916,810,,,Netherlands
"Kruyt, dr. Alb.C., zdl",1869-1949,811,,,Netherlands
"Kruyt, D.J., diakones",1882-,812,,,Netherlands
"Kruyt, H.C., zdl.",1862-1922,813,,,Netherlands
"Kruyt sr., J., zdl",1835-1918,814,,,Netherlands
"Kruyt jr., J., ond., zdl",1893-1978,815,,,Netherlands
"Kruyt, mw. J. (""Asje""), arts",1910-1974,816,,,Netherlands
"Kruyt, zr. Maria (""Miep"")",1911-1953,817,,,Netherlands
"Kübler, Otto, zdl-koopman",1874-1935+,818,,,Germany
"Kuckel, Elise, ond.",1893-1990,819,,,Germany
"Kühnen, Carl Rudolf, zdl.",1865-1935,820,,,Germany
"Kühnle, F., zdl",1887-1959,821,,,Germany
"Kuiper, ds. G.D.",1903-1974,822,,,Netherlands
"Kuipers, ds. Thomas",1890-1945,823,,,Netherlands
"Kuyper, zr. Joh. Hendrika",1875-1948,824,,,Netherlands
"Lagemann, Heinrich, zdl",1851-1933,825,,,Germany
"Lambooij, ds. Pieter J.",1896-1983,826,,,Netherlands
"Lambregtse, zr. J., diakones",,827,,,Netherlands
"Lammers, L., zdl",-1824,828,,,Netherlands
"Lampmann, Heinrich, zdl",1880-1967,830,,,Germany
"Lamprecht, mw. E.",1910-,831,,,Germany
"Land, G., zdl",1866-1942+,832,,,Netherlands
"Land, zr. .",,833,,,Netherlands
"Landgrebe, Johann Paulus, zdl",1873-1944,834,,,Germany
"Landwehr, August",1864-1912,835,,,Germany
"Lange, Adrianus de, zdl",1842-1910,836,,,Netherlands
"Langenbruch, zr. Marta",1907-1971,837,,,Germany
"Langenmann, Marie",1880-1966,838,,,Germany
"Langeveld, Joh. Martinus, zdl",1909-1990,839,,,Netherlands
"Langeveld-Steller, Amanda A.C.",1905-1994,840,,,Netherlands
"Lasschuit, H., zdl",1878-1949,841,,,Netherlands
"Lategahn, Carl, zdl",1862-1943,842,,,Germany
"Latsch, Karl, zdl",1884-1940,843,,,Germany
"Lau, Frieda",1892-1949,844,,,Germany
"Lee, Rev. Edwin Ferd.",1884-1948,845,,,United States of America
"Leersum, C.P. van, arts",1901-1970,846,,,Netherlands
"Leij, Siebe van der, arts",1867-1938,847,,,Netherlands
"Leipoldt, Chr. Friedrich, zdl",1844-1911,848,,,Germany
"Lenk, zr. K.",1886-..,849,,,Germany
"Lenn, Paul R.",±1905-,850,,,China
"Lenz, Ludwig Wilhelm, zwm",1823-1856,851,,,Germany
"Lenz, zr. Regina",1893-1980,853,,,Germany
"Lergon, Luise",1852-1924,854,,,Germany
"Le Roy, J.E. (Anna)",,855,,,United States of America
"Lett, August, zdl",1861-1909,856,,,Germany
"Letteboer, J.H., zdl",1871-1929,857,,,Netherlands
"Leung, T.K.",±1905-,858,,,China
"Leussen, Chr.J. van, arts",1896-1975,859,,,Netherlands
"Lever, mevr.",,860,,,Netherlands
"Lewandowsky, Ed. H., zdl",1870-1900,861,,,Germany
"Liefde, C.J. van de, zdl",1836-1898,862,,,Netherlands
"Limburg, A., ond.",1860-1924,863,,,Netherlands
"Linde, Sybolt van der, zdl",1902-1995,864,,,Netherlands
"Lindeboom, Lucas B., arts",1907-1981,866,,,Netherlands
"Linden, J.C. ter, zie Terlinden",,867,,,
"Linden, Corn. Dor. van der, zwm",1829-1855,868,,,Netherlands
"Linden, D.J. van der, zdl",1837-1885,870,,,Netherlands
"Linden, ds. J. van der",1907-1998,871,,,Netherlands
"Linden, zr. M. van der",,872,,,Netherlands
"Linemann, F.H., zdl",1815-1883,873,,,Germany
"Link, Andreas",1871-1938,874,,,Germany
"Link, Wilhelm, zdl",1902-1958,875,,,Germany
"Linn, C.Y. (Jason S.)",1903-1973+,876,,,China
"Lock, zr. M.W.",1885-1969,877,,,Netherlands
"Lodder, dr. Johannes, arts",1900-1959,878,,,Netherlands
"Loeff, H.A., zdl",1878-1960,879,,,Netherlands
"Loewenstein, Hermann",1898-,880,,,Germany
"Loggen (sic), zr. Grada R. Gesina",1870-,881,,,Netherlands
"Lombeck, August H., zdl",1868-1941,882,,,Germany
"Looijenga, Martha",1883-,883,,,Netherlands
"Loois, H., verpleger",1884-1944,884,,,Netherlands
"Loosdrecht, A.A. van de, zdl",1885-1917,885,,,Netherlands
"Loots, zr. M., diacones",1889/0-1983,886,,,Netherlands
"Lörcher, W., zdl",1900-1982,887,,,Switzerland
"Lötz, Carl, zdl",1877-1932,888,,,Germany
"Louis, Maria, ond.",1866-,889,,,Germany
"Louwerier, D., zdl",1871-1932+,890,,,Netherlands
"Louwerier, J., zdl",1840-1933,891,,,Netherlands
"Löwen, Peter, zdl.",1894-1955,892,,,Russia
"Lück, Albert,",1886-1942,893,,,Germany
"Luijendijk, ds. P.J.",1907-1985,894,,,Netherlands
"Luijke (Luyke) W., zdl",1796/7-1886 NZG,895,,,Netherlands
"Luinenburg, mw. D., ond.",1902-,896,,,Netherlands
"Luinenburg, O.",1899-,897,,,Netherlands
"Luinenburg, S., zdl",1874-1959,898,,,Netherlands
"Luitjes, Tjerk",1907-1989,899,,,Netherlands
"Lukkien, E.W.",1893-,900,,,Netherlands
"Lyman, Henry, zdl",1809-1834,901,,,United States of America
"Maan, G., zdl",1869-1954,902,,,Netherlands
"Mansell, Rev. Harry B.",1882-1956,903,,,United States of America
"Marcks, Otto, zdl",1875-1937,904,,,Germany
"Marle, T.G. van, arts",1874-,905,,,Netherlands
"Marsh, Lilian Frences",-1964,906,,,United Kingdom
"Marstaller, zr. Emilie",1911-1985,907,,,Switzerland
"Martin, Karl Alfred, zdl",1897-1971,908,,,Germany
"Mason, Emily Joy ()",1901-1970,909,,,Canada
"Mattern, A., zdl.",1806/7-'42,910,,,Germany
"Matthes, dr. Benjamin Fred.",1818-1908,911,,,Netherlands
"Matthews, Joseph B., ond.",1894-1966,912,,,United States of America
"Mayer, zr. Elisabeth",1904-1951,913,,,Germany
"McFerren, Rev. D.D.",,914,,,United States of America
"Means, Rev. Paul Banwell, ond.",1894-1980,915,,,United States of America
"Medhurst, Walter H., zdl",1796-1857,916,,,United Kingdom
"Meelhuysen, zr. M.W.",1916-1979,917,,,Netherlands
"Meerwaldt, Jac. Henr. sr., ond.",1854-1920,918,,,Netherlands
"Meerwaldt, Jac. Hendr. jr.",1887-1967,919,,,Netherlands
"Meeuwig, Joh. Hermanus, zdl",1839-±1923,920,,,Netherlands
"Meijer, zr. J.M.J.",-1994+,921,,,Netherlands
"Meijerink, H.J.W.A., ond.",1884-1959,922,,,Netherlands
"Meijwes (Meeuwes), Jan",1864-1955,923,,,Netherlands
"Meinders, zr. Elisabeth",1894-1962,924,,,Netherlands
"Meinefeld, Jutta",1903-1990,925,,,Germany
"Meis, Carl Wilhelm, zdl",1867-1922,926,,,Germany
"Meisel, Richard, zdl",1872-1946,927,,,Germany
"Meltzer, John Clinton, zdl",1906-1994,928,,,United States of America
"Menzel, Gustav, zdl",1908-1999,929,,,Germany
"Merkelijn, ds. Aart",1878-1943,930,,,Netherlands
"Mertin, zr. Hedwig",1896-1955,931,,,Germany
"Merwart, mw. Ph.A.M., ond.",1889-1943/5,932,,,Netherlands
"Metz, Judicus, zdl",1867-1944,933,,,Netherlands
"Metzler, Anna Elisabeth",1885-1985,934,,,Germany
"Metzler, Wilhelm, zdl",1847-1935,935,,,Germany
"Meyer/Meijer, dhr. G.",,936,,,Netherlands
"Meyer, zr. Gesina Johanna",1898-,937,,,Netherlands
"Meyer, zr. J.M.J., zie Meijer ",,938,,,
"Meyer, Otto, zdl",,939,,,Germany
"Michaelis, Johann L., zwm",±1828-1866,940,,,Germany
"Michaelis, Oskar Paul, arts",1907,941,,,Germany
"Michel, Johannes K.K., zdl",1850-1915,942,,,Germany
"Michel, Wilhelm, zdl",1908-1968,943,,,Germany
"Mickelson, Einar, zdl",,944,,,United States of America
"Middelkoop, dr. Pieter",1895-1973,945,,,Netherlands
"Midtbö, Vincent  (Zie Synneva Vestheim, Alle dagen)",1922-1944,946,,,Scandinavia
"Miedema, drs. C. J., ond/verpl.",1908-1994,948,,,Netherlands
"Miedema, Jelle, arts",1897-1978,949,,,Netherlands
"Miedema, K., zdl",1904-1959,950,,,Netherlands
"Miesen, J.H.W. van der, zdl",1873-1936+,951,,,Netherlands
"Mikat, Anna",1885-1969,952,,,Germany
"Milne, William, zdl",1785-1822,953,,,United Kingdom
"Mindermann, Brüne, zdl",1872-1960,954,,,Germany
"Minkhorst, J.H., ond.",1894-1943,955,,,Netherlands
"Mitchell, Hubert.",1907-1995,956,,,United States of America
"Mittelstädt, Kurt E.",1901-1984,957,,,Germany
"Miyahira, Shusho/Hidemata ()",1904-1976,958,,,Japan
"Mobach, Tjebbe, ond.",1890-1983,959,,,Netherlands
"Moens, Hendrik P., zwm",1831-1882,960,,,Netherlands
"Mohri, August",1835-1897,961,,,Germany
"Mol, zr. Gerritje",1873-1929,962,,,Netherlands
"Mol, Pieter Gerrit",1878-1907,963,,,Netherlands
"Mol van Otterloo, A. de,",1893-1965+,964,,,Netherlands
"Mollema, G.W.M., zdl",1903-1950,965,,,Netherlands
"Möller, Daniel",1879-1954,966,,,Germany
"Möller, Friedrich",1907-1982,968,,,Germany
"Möller, Julius, arts",1884-1942,969,,,Germany
"Momeyer, August",1868-1941,970,,,Germany
"Mooy/ij, Jacoba, ond.",,971,,,Netherlands
"Morken, David E.",1910-2003,972,,,United States of America
"Mosche, C.F.F. , zwm",1840-1868,973,,,Germany
"Motte, Georges ()",±1900-1971+,974,,,Belgium
"Mouw, J. Arthur, zdl",1903-1987,975,,,United States of America
"Mühlnickel, J.G. Adolph, zwm",1822-1897,976,,,Germany
"Mühlnickel, August, zwm",1826-1859,977,,,Germany
"Muijs, zr. Hendrika Cornelia",1901-1995,978,,,Netherlands
"Muis, J.J., zdl",1868-1945,979,,,Netherlands
"Mulder, J., ond.",,980,,,Netherlands
"Muller, D., zdl",1777/8-1826,981,,,Switzerland
"Muller, Marinus Gerard, arts",1894-1981,982,,,Netherlands
"Müller, Eduard, zdl",1879-1937+,983,,,Germany
"Müller, H., zdl",1866-1923+,985,,,Germany
"Müller, H., zdl",,987,,,Netherlands
"Müller, H. zdl",1895-,989,,,Switzerland
"Müller, W., zdl",1898-1934,991,,,Germany
"Müller, Wilhelm, zdl",1878-1942,992,,,Germany
"Müller, Wilhelm, zdl",1905-1976,993,,,Germany
"Müller-Krüger, dr. Th.",1902-1980,994,,,Germany
"Munk, Jan Carel, ond.",1881-1928,995,,,Netherlands
"Munnik, Franciscus de, zdl",1865-1938,996,,,Netherlands
"Munson, Albert",1890-1979,997,,,United States of America
"Munson, Melvin",1889-1961,998,,,United States of America
"Munson, Ralph Waldo",1840-1934,999,,,United States of America
"Munson, Samuel, zdl",1804-1834,1000,,,United States of America
"Munters, zr. Nic. Helena",1909-,1001,,,Netherlands
"Muyen/Muijen, zr. Maria van",1892-1988,1002,,,Netherlands
"Muylwijk, J. van, zdl",1881-1945,1003,,,Netherlands
"Muylwijk, zr. Joh. Adr. Maria",1903-,1004,,,Netherlands
"Muijs/Muys, zr. Hendr. Clasina",1901-,1005,,,Netherlands
"Myers, Ms. Mary, ond.",1866-,1006,,,United States of America
"Nachtigal, Peter, zdl.",1881-1928,1007,,,Russia
"Nauta, H.J., ond.",1881-1945,1008,,,Netherlands
"Neef, A.J. de, zdl",1892-1948,1009,,,Netherlands
"Needham, Hester",1843-1897,1010,,,United Kingdom
"Neef, N. de, ond.",1884-1974,1011,,,Netherlands
"Nes, ds. C. van",1906-1988,1012,,,Netherlands
"Netelenbos, ds. Lambertus",1876-1955,1013,,,Netherlands
"Netelenbos, zr. Wilh. Hendr.",1879-1964,1014,,,Netherlands
"Neubronner, zie Tuuk, van der",,1015,,,
"Neumann, J.H., zdl",1876-1949,1016,,,Netherlands
"Neumann, Margarethe",1869-,1017,,,Germany
"Nevius, Elbert S.",1808-1897,1018,,,United States of America
"Nieboer, zr. Hilke",1899-1996,1019,,,Netherlands
"Nicholls, Ms. Lee Edna",1880-1951?,1020,,,United States of America
"Nielsen, Clara, ond.",1910-1993,1021,,,Germany
"Niemann, Edward Ward",1908-1999,1022,,,Germany
"Niemann, Lisette",1850-1921,1023,,,Germany
"Niephaus, Heinrich, zdl",1875-1933,1024,,,Germany
"Niet, mr. Maarten de",1904-1979,1025,,,Netherlands
"Niet, zr. Maria Adriana de",1897-1989,1026,,,Netherlands
"Niet, G.D.W. te, zwm (ond.)",1825-1905,1027,,,Netherlands
"Nieuwenhuizen, zr. C.W. van",,1028,,,Netherlands
"Nijenhuis, J.H.D., zdl",1893-1944,1029,,,Netherlands
"Nikkel, Gerhard, zdl.",1861-1932,1030,,,Russia
"Niks, J.F., zdl",1843-1930,1031,,,Netherlands
"Noll, Johannes, zdl",1869-1954,1032,,,Germany
"Nommensen, Ingwer L., zdl",1834-1918,1033,,,Germany
"Nommensen, Jon. Tim., zdl",1873-1950,1034,,,Germany
"Nonnenberg, Rudolf H.K., ond.",1903-1971,1035,,,Germany
"Noordhoff, G. (O-Friesl.), zdl",1801/2-'42,1036,,,Germany
"Noordzij, Willem A., ond.",1892-1942/5,1038,,,Netherlands
"Noort, A.C., ond.",1906-1982,1039,,,Netherlands
"Noort, Rev. J. van den",,1040,,,United States of America
"Nooy, H.W., zdl",1825-1853,1041,,,Netherlands
"Noppen, L.M. van, zdl",1887-1943,1042,,,Netherlands
"Nortier, dr. Adriaan, arts",1885-1940,1043,,,Netherlands
"Nortier, C.W., zdl",1888-1963,1044,,,Netherlands
"Noteboom, L., arts",,1045,,,Netherlands
"Notten, Diederik Theod., ond.",1882-1936,1046,,,Netherlands
"Nusteeg, zr. A.",1880/1-1964,1047,,,Netherlands
"Oechsli, Rev. Leonard",1885-1955,1048,,,United States of America
"Oelschlaeger, Ms. Louise",,1049,,,United States of America
"Offringa, Joh., arts",1883-1950,1050,,,Netherlands
"Ohme, B.O.",1880-1945,1051,,,Germany
"Olesen, Ms. E., ond.",,1052,,,United States of America
"Onvlee, dr. Louis",1893-1986,1053,,,Netherlands
"Ooms, Antje, ond.",1889-1979,1054,,,Netherlands
"Oosterhuis, Jan W., arts",1884-1955,1055,,,Netherlands
"Oosterveen, Harm, arts",1908-1944,1056,,,Netherlands
"Orlopp, zr. Maria",1901-1994,1057,,,Germany
"Ormel, zr. J.Th.",1913-1961,1058,,,Netherlands
"Ostrom, Rev. Egon ()",1903-1945,1059,,,Sweden
"Otterspoor, W., zdl.",1840-1869,1060,,,Netherlands
"Ottow, C.W., zwm",1826-1862,1062,,,Germany
"Ottow, J.C.G., zdl/ond.",1861-1945,1063,,,Netherlands
"Ottow, M.",1898-1983,1064,,,Netherlands
"Pakianathan, Solomon Swa­mi­dason",1881-1962,1065,,,South India
"Palm, mw. H.M.",,1067,,,Netherlands
"Panman, zr. Anna Joh. Helena",1893-1980,1068,,,Netherlands
"Pape, Franz, zwm",±1833-1874+,1069,,,Germany
"Papendick, Margarete",1884-1960,1070,,,Germany
"Patterson, W.W.m zdl.",,1071,,,United States of America
"Pattison, L.O.",,1072,,,United States of America
"Peddemors, Willem, arts",1906-1997,1073,,,Netherlands
"Pelzer, zr. Margarethe",1909-1948,1074,,,Germany
"Pennings, Abr., zdl",1875-1966,1075,,,Netherlands
"Pennings, Ant.A., zdl",1870-1902,1076,,,Netherlands
"Perdok, Hindrik, zdl",1908-1979,1077,,,Netherlands
"Perkins, Rev. Raymond G.",1884-,1078,,,United States of America
"Phillips, Joseph Luxford, zdl",1783-1820,1079,,,United Kingdom
"Piccer, Johanna",1887-1945,1080,,,Netherlands
"Pichler, Aug. R. Erich, zdl",1883-1965,1081,,,Germany
"Pieper, Adolf, zdl",1882-1929,1082,,,Germany
"Pieron, ds. Alle Fred. Joh.  zie GZbl 1940, 63",1908-1944,1083,,,Netherlands
"Pieters, Jan Hendrik, zdl",1883/4-1978,1085,,,Netherlands
"Pieters, zr. T.",,1086,,,Netherlands
"Pijsel, mw. A., arts",1878-1929,1087,,,Netherlands
"Pik, J., zdl",1881-1955,1088,,,Netherlands
"Pilgenröder, Adolf, zdl",1869-1949,1089,,,Germany
"Pilgram, Gustav, zdl",1848-1913,1090,,,Germany
"Pilon, Pieter J.J.R.T. arts",1883-1958,1091,,,Netherlands
"Pinckney, Charles E., arts",,1092,,,United States of America
"Pistor, Paula Bauszat-",1877-1948,1093,,,Germany
"Pistor, Ruth",1905-1997,1094,,,Germany
"Plaum, Wilhelm, zdl.",1905-,1095,,,Germany
"Ploeger, Albertus, zdl",1905-1986,1096,,,Netherlands
"Ploegman, W.F., ond.",1805-1873,1097,,,Netherlands
"Poel, J. van der, zdl",1892-1972,1098,,,Netherlands
"Poensen, C., zdl",1836-1919,1099,,,Netherlands
"Pohlig, Peter, zdl",1860-1915,1100,,,Germany
"Pohlmann, William J., zdl",,1101,,,United States of America
"Pol, H., zdl.",1898-1972,1102,,,Netherlands
"Polet, Willem Hendrik",1895-1992,1103,,,Netherlands
"Pontier, zr. Paulina Johanna",1885-1918,1104,,,Netherlands
"Poot, A., zdl",1901-1978,1105,,,Netherlands
"Poppy, Jemima, ond.",1818-1869,1106,,,United Kingdom
"Por, zr. G.",1888-,1107,,,Netherlands
"Pos, ds. A.",1888-1971,1108,,,Netherlands
"Pos, ds. W.",1856/7-1914,1109,,,Netherlands
"Post, Harry W., zdl",,1110,,,United States of America
"Post, Walter M., zdl",,1111,,,United States of America
"Postema, zr. Etje",1906-,1112,,,
"Postema, zr. Trijntje  (GZbl 1939, 255)",1912-,1113,,,Netherlands
"Poutiainen, Toivo ()",±1900-'38,1115,,,Finland
"Präger-Lenk, zie Lenk",,1116,,,
"Presswood, W. Ernest, zdl ()",1908-1946,1117,,,Canada
"Prins, D.C., zdl",1888-1945,1118,,,Netherlands
"Prins-Hardeman, B.A., ond.",1888-1967,1119,,,Netherlands
"Prins, zr. Jantje, verpl.",1890-,1120,,,Netherlands
"Probst, Karl, zdl",1865-1918,1121,,,Germany
"Proosdij, C. van, arts",1887-1949,1122,,,Netherlands
"Proud, R. ()",,1123,,,United Kingdom
"Pruijs, dr. Hendrik Simon, arts",1866-1944/5,1124,,,Netherlands
"Pruijs, Willem Marie, arts",1901-1982,1125,,,Netherlands
"Pruis, dr. Geert Wl .Adr, arts",1899-1959,1126,,,Netherlands
"Prüsener, Franziska",1874-1953,1127,,,Germany
"Prussner, A.H., arts",1884-1947,1128,,,United States of America
"Puik, Rijk, ond.",1908-,1129,,,Netherlands
"Püschel, Agnes A.S., ond.",1887-1961,1130,,,Germany
"Püse, Heinrich, zdl",1841-1920,1131,,,Germany
"Put, Lulof Hendrik, zdl",1911-1956,1132,,,Netherlands
"Putten, Marius van, ond.",1888-1975,1133,,,Netherlands
"Pykett, Rev. G.F.",,1134,,,United States of America
"Quentmeyer, Ernst, zdl",1875-1962,1135,,,Germany
"Quistorp, Hanna",1893-1981,1136,,,Germany
"Raatschen, Heinrich, zdl",1901-1945,1137,,,Germany
"Rabeneck, Heinrich, zdl",1875-1939,1138,,,Germany
"Rade, Lisbeth A.D.",1893-1956,1139,,,Germany
"Rado, Tabor, arts",1893-1926+,1140,,,Hungary
"Ramaker, D.",1890-,1141,,,Netherlands
"Randwijck, S.C. Graaf van",1901-1997,1142,,,Netherlands
"Raycroft, Ms. Ruby A., ond.",,1143,,,United States of America
"Rebuschat, Gustav, zdl",1905-1984,1144,,,Germany
"Redinger, June E., ond.",,1145,,,United States of America
"Reenen, ds. G.J. van",1905-1964,1146,,,Netherlands
"Reichler, Frieda",1900-1978,1147,,,Germany
"Reichl, zr. Marianne",1913-1950,1148,,,Germany
"Reinartz, Hildegard, ond.",1900-1969,1149,,,Germany
"Reinshagen, Amalie",1862-?,1150,,,Germany
"Reiter, H., zdl",1896-1942,1151,,,Germany
"Reitze, Heinrich, zdl",1862-1938,1152,,,Germany
"Renes, G.J., arts",1914?-1986?,1153,,,Netherlands
"Renes, Jan, ond.",1899-1970,1154,,,Netherlands
"Renken, Anton, zdl",1859-1928,1155,,,Germany
"Reynhout, J., ond.",1899-1997,1156,,,Netherlands
"Richert, zr. Susanna",,1157,,,Russia
"Richter, W. , zwm",1823-1885,1158,,,Germany
"Riedel, J.F., zdl",1798-1860,1159,,,Germany
"Riedel, Karl , zdl",1892-1953,1160,,,Germany
"Rienecker, Pauline Helene",1876-1922,1161,,,Germany
"Rihs, Arnold, zdl",1907-1981,1162,,,Switzerland
"Rijkhoek, Daniël, zdl",1887-1970,1163,,,Netherlands
"Rijkhoek, Jannetje Maria  (Jean­nette)",1894-1974,1164,,,Netherlands
"Rijn, Christiaan van, zdl",,1166,,,Netherlands
"Rinck, zr. Wilh. Chr.",1905-,1167,,,Netherlands
"Rinnooij, Nicolaas, zdl",1841-1913,1168,,,Netherlands
"Ritsema, J., zdl",1884-1950,1169,,,Netherlands
"Rittich, Robert",1892-1973,1171,,,Germany
"Robinson, William, zdl",1784-1853,1172,,,United Kingdom
"Röder, H., bouwkundige",1901-1970,1173,,,Germany
"Roepman, zr. Elizabeth Maria",1880-,1174,,,Netherlands
"Roest Jr, C. van der, drukker",1874 -1926,1175,,,Netherlands
"Roest, J.L.D. van der, zdl",1867-1950,1176,,,Netherlands
"Rohde, Eleonora C.",1891-1970?,1177,,,United States of America
"Rolff, zr. C.W., diacones",1885/6-1976,1178,,,Netherlands
"Rooker, Hessel, zdl",1830-1915,1179,,,Netherlands
"Rooker, J.H. zie Hiebink R.",,1180,,,
"Roorda van Eysinga, zr. H.J.",1903-1996,1181,,,Netherlands
"Roose, zr. Corn. Mart., diacones",1881-1961,1182,,,Netherlands
"Rooseboom, Jacominus Arn., zdl",1901-1971,1183,,,Netherlands
"Rooy, zr. M.J. de",,1184,,,Netherlands
"Rosenlund, Edward ()",-1939,1185,,,Finland
"Roskes, J.W., zdl",1843-1918,1186,,,Netherlands
"Roskott, B.N.J., ond.",1811-1873,1187,,,Germany
"Roslund, mw. N.A.K., vroedvrouw",,1188,,,Scandinavia
"Rott, Ferdinand, zdl",1823-1859,1189,,,Germany
"Röttger, E.H., zdl",1801-1852+,1190,,,Germany
"Royer, dr. G., arts",1889-1958,1191,,,Netherlands
"Rübcke, Elly",1905-2001,1192,,,Germany
"Ruden, C.L., zdl",1808-1842,1193,,,Germany
"Rudersdorf, Otto, zdl",1869-1952,1194,,,Germany
"Ruijssenaers, ds. Gerrit Joh.",1875-1907,1195,,,Netherlands
"Ruijter, H. H. de, diakones",1867-1936,1196,,,Netherlands
"Russmann, Annemarie",1868-..,1197,,,Germany
"Rutgers, Jacqueline C.",1874-1951,1198,,,Netherlands
"Rutgers, Jeremina Fred., ond.",1882-1964,1199,,,Netherlands
"Ruth, E. Naomi",,1200,,,United States of America
"Rutkowsky, Alfred, zdl",1908-2002,1201,,,Germany
"Ruttink, H.C.G., zdl",1876-1958,1202,,,Netherlands
"Ruysch v Dugteren, E.M.H., zdl",1886-1915,1203,,,Netherlands
"Saathof, Daniël, ond.",1895-1957,1204,,,Netherlands
"Sadler, Ms. E.",,1205,,,United States of America
"Sande, Andrew, zdl",-1942,1206,,,United States of America
"Sandell, zr. Anna Amelia",1875-1942,1207,,,United States of America
"Sander, zr. Adriana Clasina",1901-1973,1208,,,Netherlands
"Sartor, Edmund, zdl",1883-1941,1209,,,Germany
"Savornin Lohman, jkvr. zr. Eli­sa­beth Johanna de",1903-Mei '45,1210,,,Netherlands
"Schaafsma, A.O., zdl",1830-1896,1211,,,Netherlands
"Schaafsma-de Jong, H., ond.",1859-1923,1212,,,Netherlands
"Schächter, Martha",1896-1989,1213,,,Germany
"Schärer, dr. Hans, zdl",1904-1947,1214,,,Switzerland
"Scheffer, zr. Y.",1901-'66[?],1215,,,Netherlands
"Scheffler, Johanna Bertha",1883-,1216,,,Germany
"Schekelmann, zr. Sophie",1906-1990,1217,,,Germany
"Schelfhorst, F., zdl",1872-1942/5,1218,,,Netherlands
"Schell, H.E.R.",,1219,,,United States of America
"Schelven, Maria Johanna van",1882-1934,1220,,,Netherlands
"Schepper, mr. dr. J.M.J.",1888-1967,1221,,,Netherlands
"Schernus, Martin",1879-1933,1222,,,Germany
"Scherrer, J.E.E., zdl",1889-1964,1223,,,Switzerland
"Scheurer, Jan Gerrit, arts",1864-1928,1224,,,Netherlands
"Schildmann, Ewald, zdl",1910-1989,1225,,,Germany
"Schilstra, Sybren, zdl",1840-1909,1226,,,Netherlands
"Schlipköter, Emil, zdl",1879-1965,1227,,,Germany
"Schlipköter, zr. F.",1872-1920,1228,,,Germany
"Schmid, Fr.",1892-1950,1229,,,Switzerland
"Schmiedeskamp, mw. A., ond.",1893-1959,1230,,,Germany
"Schmidt, Friedrich",1868-1936,1231,,,Germany
"Schmidt, Isaac Chester",1887-1978,1232,,,United States of America
"Schmidt, Johannes C.A., zwm",1831-,1233,,,Germany
"Schmidt, R., zdl",1909-1960,1234,,,Germany
"Schmidt, Wilhelm, zdl",1871-1941,1235,,,Germany
"Schmitt, Hermann, zdl",1898-1942,1236,,,Germany
"Schmitt, Lydia",1897-1965,1237,,,Germany
"Schmitz, Johann Gerhard",1880-±1940,1238,,,Netherlands
"Schnatbaum, Wilhelm, zdl",1887-1961,1239,,,Germany
"Schneider, Alfred",1905-1992,1240,,,Germany
"Schneider, Friedrich G., zdl",1880-1965,1241,,,Germany
"Schneider, G.J., zdl",1890-1942,1242,,,Germany
"Schneider, Robert, zdl",1884-1961,1243,,,Germany
"Schniepp, zr. Lydia E.",,1244,,,Germany
"Schoch, M.L.W., diakones",1876-1962,1245,,,Netherlands
"Schoepe, Walter, ond.",1903-,1246,,,Germany
"Scholten, G.H. zdl",1884-1926,1247,,,Netherlands
"Scholten, G.J. arts  (zv H.H. Sch.)",±1910-1939,1248,,,Netherlands
"Scholten, Hindrik Henderikus",1881-1944,1249,,,Netherlands
"Schot, C.G., zdl",1827-1874,1250,,,Netherlands
"Schrey, Johannes, zdl",1852-1927,1251,,,Germany
"Schreiber, August W., zdl",1839-1903,1252,,,Germany
"Schreiber, Chr., zdl",1886-1965,1253,,,Germany
"Schreiber, Fr. Carl, zdl",1886-1963,1254,,,Germany
"Schreiber, Frieda",1877-1951,1255,,,Germany
"Schreiber, Dr. Werner J., zdl",1872-1941,1256,,,Germany
"Schreuder, mw. Ch.H., arts",1911-1966,1257,,,Netherlands
"Schröder, C.J.M.L. , zwm",1830-1885,1258,,,Germany
"Schröder, G.F., zdl",1868-1927,1259,,,Netherlands
"Schröder, zr. L.",,1260,,,Netherlands
"Schröder, Willem Frederik, zdl",1889-1969,1261,,,Netherlands
"Schrok, Herman Corn., arts",1907-1969,1262,,,Netherlands
"Schuh, B., zdl (Fr.)",1823/4-'62+,1263,,,
"Schuijt, Pieter, zdl",1884-1980,1264,,,Netherlands
"Schulz, Rudolf U.W., zdl",1893-1984,1265,,,Germany
"Schumann, Rudolf, zdl",1882-1948,1266,,,Germany
"Schuringa, zr. M.",1892-1986,1267,,,Netherlands
"Schuringa, zr. S.J.",1900-1983,1268,,,Netherlands
"Schut, J.A.F., zdl",1871-1931,1269,,,Netherlands
"Schütz, Philipp Chr., zdl",1838-1922,1270,,,Germany
"Schuurman, dr. B.M., zdl",1889-1945,1271,,,Netherlands
"Schuurman, zr. M.",1892-1977,1272,,,Netherlands
"Schuurmans, J., zdl",1896-1963,1273,,,Netherlands
"Schuurmans, Nic. Dirk, zdl.",1838-1908,1274,,,Netherlands
"Schwab, Ms. Elsie",,1275,,,United States of America
"Schwartz, Alfred, zdl",1905-1942,1276,,,Germany
"Schwarz, G., zdl",1892-1933,1277,,,Germany
"Schwarz, Joh. Alb. Traugott, zdl",1836-1918,1278,,,Netherlands
"Schwarz, J.G., zdl.",1800-1859,1279,,,Germany
"Schweflinghaus, Elly",1907-1993,1280,,,Germany
"Schweitzer, H., zdl",1904-1942,1281,,,Germany
"Seely, Philoma R.",,1282,,,United States of America
"Seher, Franz Heinrich, zdl",1864-1925,1283,,,Germany
"Seibel, Frida, ond.",1911-,1284,,,Germany
"Seibold, K., zdl",1887-1965,1285,,,Germany
"Senk, Paul, zdl",1902-1971,1286,,,Germany
"Shover, Rev. J.C.",,1287,,,United States of America
"Sickinger, O.E., arts",1888-1933,1288,,,Germany
"Siderius, zr. Sara",1891-1971,1289,,,Netherlands
"Siegler, Helene, ond.",1906-2002,1290,,,Germany
"Siegner, J., zdl",1909-1942,1291,,,Germany
"Siemens, Jakob, zdl.",1876-,1292,,,Russia
"Sigel, Hugo Ferd., arts",1895-1969,1293,,,Germany
"Simon, Gottfried Karl, zdl",1870-1951,1294,,,Germany
"Simon, G., arts",1897-,1295,,,Germany
"Simoneit, August, zdl",1842-1886,1296,,,Germany
"Skadsheim, zie Tunheim",,1297,,,
"Skubinna, Fr. Wilh., zdl",1885-1965,1298,,,Germany
"Slagter, zr. Cornelia",1866-1943,1299,,,Netherlands
"Slater, John, zdl",1789-,1300,,,United Kingdom
"Slettenaar, H., arts",1899-1977,1301,,,Netherlands
"Sloot, Reinder, ond.",1886-1931,1302,,,Netherlands
"Slotemaker de Bruïne, mw. C.",1900-1987,1303,,,Netherlands
"Slotemaker de Bruïne, dr. M.C.",1897-1986,1304,,,Netherlands
"Slotemaker de Bruïne, dr. NAC",1895-1969,1305,,,Netherlands
"Slump, F., zdl",1896-1972,1306,,,Netherlands
"Smalbraak, J., arts",1908/9-1998,1307,,,Netherlands
"Smeding, Hendrik, zdl",1833-1891,1308,,,Netherlands
"Smit, Gezinus, zdl",1883-1958,1309,,,Netherlands
"Smit, zr. P., diakones",,1310,,,Netherlands
"Smit, Wolter Arinus zdl",1906-1976,1311,,,Netherlands
"Snuggs, Ed. Thom, zdl ()",1860-?,1312,,,United Kingdom
"Soeting, zr. Hill. Pieter­nella",1907-2002,1313,,,Netherlands
"Solinger, D., zdl",1913-1969,1314,,,Netherlands
"Spangenberg, zr. J. ()",,1315,,,Germany
"Spellenberg, Corn., ond.",1904-...,1316,,,Germany
"Spethmann, Charlotte",1872-1947,1317,,,Germany
"Spiegel, Hendrik van der, zdl",1865-1919,1318,,,Netherlands
"Spiecker, Wilhelm, zdl",1874-1931,1319,,,Germany
"Spiller, Anna Maria Ruth",1907-2000,1320,,,Switzerland
"Splunder, Jeremias van, zdl",1858-1886,1321,,,Netherlands
"Spoelstra, mw. A., ond.",-1930,1322,,,Netherlands
"Sporket, Julius, zdl",1868-1955,1323,,,Germany
"Spreeuwenberg, H., zdl",1907-1951,1324,,,Netherlands
"Sprenger, Henriette",1866-1918,1325,,,Germany
"Stade, W., zdl",1889-1926,1326,,,Netherlands
"Stahlie, T.D., arts",1914-2009,1327,,,Netherlands
"Stam, Pieter, zwm",1822-1889,1328,,,Netherlands
"Stamer, Rev. John P.",,1329,,,United States of America
"Stap, J.E., zdl",1883-1946,1330,,,Netherlands
"Starink, J., zdl",1787/8-1828,1331,,,Netherlands
"Starkey, Earl F., ond.",,1332,,,United States of America
"Starrenburg, D.B., zdl",1880-1946,1333,,,Netherlands
"Staudt, F.M., ond.",1906-1945,1334,,,Netherlands
"Staudt-Burmania, mw. R., ond.",1904-2002,1335,,,Netherlands
"Staudte, Fr. Wilhelm, zdl",1845-1884,1336,,,Germany
"Stauffer, Otto, zdl.",1904-1942,1337,,,Germany
"Steele, William Henry, zdl",1818-1905,1338,,,United States of America
"Steenbergen, Femmie, ond.",1916-1947,1339,,,Netherlands
"Steenstra, zie Stenstra",,1340,,,
"Stefanski, Ms. Pauline, ond.",1881-1965,1341,,,United States of America
"Stegerhoek, zr. J.E.",1916-,1342,,,Netherlands
"Steinbrecher, Wilhelm, zdl",1862-1919,1343,,,Germany
"Steingräber, Paul, zdl",1884-1973,1344,,,Germany
"Steinhard, Johannes, zdl",1905-1966,1345,,,Germany
"Steinhart, Willem Leonard, zdl",1898-1982,1346,,,Netherlands
"Steinmetz, zr. W.H.C.",,1347,,,Netherlands
"Steinsieck, Wilhelm, zdl",1855-1924,1348,,,Germany
"Steller, mw. Auguste S Steller, ond. ",1900-,1349,,,
"Steller, E.T. (Steller), zwm",1834-1897,1350,,,Germany
"Steller, mr. K.G.F., zdl",1875-1945,1351,,,Netherlands
"Stelwagen, Uilke, ond.",1900-1965,1352,,,Netherlands
"Stenstra, Willem Corn., ond.",1884-1928,1353,,,Netherlands
"Steur, Emile van der",1901-42/5?,1354,,,Netherlands
"Steur, Joh. Hendrica, zie Mol",,1355,,,
"Steur, Johannes (""Pa"") van der",1865-1945,1356,,,Netherlands
"Stingel, Otto, zdl",1874-1945,1357,,,Germany
"Stoett, Janna Lucia",1894-1951,1358,,,Netherlands
"Stokking, Hendrik J., zdl",1878-1928,1359,,,Netherlands
"Stokkum, Marinus W.Th. v, arts",1881-1958,1360,,,Netherlands
"Stolk, zr. C.G.",,1361,,,Netherlands
"Stoové, Hendrik, zdl",1840-1901+,1362,,,Netherlands
"Storm, G.C., zdl",1894-1941,1363,,,Netherlands
"Storm, K., zdl",1864-1906,1364,,,Netherlands
"Strijker, Pietertje, verpl.",1901/5?-,1365,,,Netherlands
"Strötker, Friedrich, zdl",1863-1930,1366,,,Germany
"Stryker, Isaac, zdl",-1842,1367,,,United States of America
"Stuffers, mw. C., ond.",,1369,,,Netherlands
"Stuivenga, J.H.",,1370,,,Netherlands/United States of America
"Stursberg, Gustav, zdl",1853-1916,1371,,,Germany
"Stuut, zr. Helena Tallina",1898-1988,1372,,,Netherlands
"Stuut, zr. S.",,1373,,,Netherlands
"Sullivan, Rev. Floyd H.",1885/6-,1374,,,United States of America
"Sundermann, H.H.W., zdl",1855-1947,1375,,,Germany
"Sundermann, Wilh. H., zdl",1849-1919,1376,,,Germany
"Supper, J.C., zdl",1782-1816,1377,,,Germany
"Sybenga, zr. Tjitske Jantina",1908,1378,,,Netherlands
"Swaan, W., zdl",,1379,,,United States of America
"Swanborn, Adr. Jac., ond.",1872-1945,1380,,,Netherlands
"Swellengrebel, dr. Jan Lod.",1909-1984,1381,,,Netherlands
"Szasz, Laszlo, arts",,1382,,,Hungary
"Talens, J.P., zdl",1878-1971,1383,,,Netherlands
"Tanis, J., ond.",1898-1994,1384,,,Netherlands
"Tauffmann, C.E.W., zwm",1834-1896,1385,,,Germany
"Teasdale, G.",1868-1967,1386,,,United Kingdom/Austria
"Teekens, Ofke",1896-1942/5,1387,,,Netherlands
"Teffer, M., zdl",1827-1907,1388,,,Netherlands
"Telgte, H.J. ter, verpleger",1895-1942+,1389,,,Netherlands
"Temming, Auguste",1870-1930,1390,,,Germany
"Tendeloo, H.J., zdl",1830-1902,1391,,,Netherlands
"Terlinden, J.C., zdl",1803-1832,1392,,,Germany
"Tesche, Carl, zdl",1904-2002,1393,,,Germany
"Teutscher, H.J., zdl",1915-1976,1394,,,Netherlands
"Theis, August, zdl",1874-1968,1395,,,Germany
"Thiele, Alfred Charles F.",1892-1987,1396,,,Germany
"Thiessen, Johann",1869-1953,1397,,,Russia
"Thiessen, Nicolai, zdl",1874-1949,1398,,,Russia
"Thomas, Jost Wilhelm, zdl",1843-1900,1399,,,Germany
"Thomson, Frederick B., zdl",1809-1848,1400,,,United States of America
"Thomson, J.",,1401,,,United Kingdom
"Thornton, Ms. El., ond.",,1402,,,United Kingdom
"Tibben, zr. Hendrikje (H)",1887?-1957?,1403,,,
"Tiedeman, zr. N.",,1404,,,Netherlands
"Tiekstra, Gjalt Bouwes, ond.",1882-1960,1405,,,Netherlands
"Tiemersma, L., zdl",1861-1944,1406,,,Netherlands
"Tiemeyer, Friedrich, zdl",1901-1988,1407,,,Germany
"Tilbury, A.W.",,1408,,,United Kingdom
"Tilstra, Klaas",1897-1985,1409,,,Netherlands
"Tjhi Moi-fa, Ms.",±1905,1410,,,China
"Tobi, Leonard, zdl",1832-1888,1411,,,Netherlands
"Toet, zr. J.",1909?-,1412,,,Netherlands
"Tonsbeek, Johan W.",1884 -1915,1413,,,Netherlands
"Trommel, H.J., zdl",1905-1981,1415,,,Netherlands
"Tromp, Heinrich Philipp, zdl",1842-1922,1416,,,Germany
"Trostel, Gustav, zdl",1906-1942,1417,,,Germany
"Trowt, Thomas, zdl",1784-1816,1418,,,United Kingdom
"Tsang To Hang, zdl",±1905-1979,1419,,,China
"Tse, Y.K., zdl",±1905-,1420,,,China
"Tuiten, Joh., zdl",1884-1914,1421,,,Netherlands
"Tuiten, Martinus, zdl",1882-1957,1422,,,Netherlands
"Tunheim, Petra",1871-1923,1423,,,Norway/United States of America
"Tüttermann, Lina",1889-1939,1424,,,Germany
"Tuuk, H. Neubronner van der",1824-1894,1425,,,Netherlands
"Tuyll v Serooskerken, A.M. v.",1892-1989,1427,,,Netherlands
"Tweedy, zr. Elis. Arnoldine",1886-1956,1428,,,Netherlands
"Twijnstra, Hendrik",1892-1945,1429,,,Netherlands
"Ufer, Conrad, zdl",1871-1953,1430,,,Germany
"Uhlenbusch, H.Fr.W.",1841-1893,1431,,,Germany
"Uittenbogaard, H.M., ond.",1913-1978,1432,,,Netherlands
"Ulderink, zr. Hendr. Wilh. Joh.",1905-2005,1433,,,Netherlands
"Ulfers, S. (D), zdl",1818/9-1885,1434,,,Netherlands
"Underhill, Rev. Carl C.",,1435,,,United States of America
"Urech, Ms. Lydia, ond.",,1436,,,United States of America
"Vaandrig, G., ond.",,1437,,,Netherlands
"Vahrenkamp, Adele",1864-1929,1438,,,Germany
"Valderpoort, P.G.W., ond.",1892-1942/5,1439,,,Netherlands
"Valderpoort-Wierts van Coe­hoorn, mw. J.C.",,1440,,,Netherlands
"Valk, P.C. van der",,1441,,,Netherlands
"Valk, Theod. August F.. vder, zdl",1828-1874,1442,,,Netherlands
"Vasseur, Isaak J.W.J.",1891-1972,1443,,,Netherlands
"Veelen, mw. B.G. van",1908-2001,1444,,,Netherlands
"Veen, R., arts",1906-1972,1445,,,Netherlands
"Veen, Gerhardus H.A. vder, zdl",1874-1949,1446,,,Netherlands
"Veen, dr. H. van der",1888-1977,1447,,,Netherlands
"Veerenhuis, Gerrit Jan",1879-1946,1448,,,Netherlands
"Vegt, H.M. van der, arts",,1449,,,Netherlands
"Veld, Jan in 't, ond.",1883-1971,1450,,,Netherlands
"Velde, H. te, arts",1908-1942,1451,,,Netherlands
"Velden v Capellen, S.D. van der",1820/1-1856,1452,,,Netherlands
"Velders, mw. W.H.",1912-1993,1453,,,Netherlands
"Veldhuis, Ruurd, zdl",1893-1944,1454,,,Netherlands
"Veldstra, Fokke, arts",1896-1965,1455,,,Netherlands
"Vellekoop, Pieter Nic.",1890-1974,1456,,,Netherlands
"Vellenga, zr. J.A.",1897-1983,1457,,,Netherlands
"Verbeet, mw. G., ond.",1886-,1458,,,Netherlands
"Verdoorn, J.A., arts",1903-1991,1459,,,Netherlands
"Verhaag, Jacob, zdl",1803-±1880,1460,,,Netherlands
"Verhagen, Dirk, arts",1890-1961,1461,,,Netherlands
"Verhoeff Jr., Joh. Jac., zdl",1833-1872,1462,,,Netherlands
"Verhoeven, J., zdl",1844-1922,1463,,,Netherlands
"Verkuijl Az, Arie, ond.",1885-1961,1464,,,Netherlands
"Verkuyl, ds. dr. J.",1908-2001,1465,,,Netherlands
"Verleur, zr. Magd. Maria Cath.",1900-1987,1466,,,Netherlands
"Vermaasen, Jan Dirk, zdl",1815/6-1844,1467,,,Netherlands
"Vermeer, Aart sr., zdl.",1828-1891,1468,,,Netherlands
"Vermeer, A., jr., zdl",1872-1934,1469,,,Netherlands
"Vermolen, Willem, ond.",1892-1972,1470,,,Netherlands
"Versteeg, zr. C.",,1471,,,Netherlands
"Verveen, Dirk, arts",1903-1977,1472,,,Netherlands
"Verveen, J.E., arts",1905-1958,1473,,,Netherlands
"Verwaal, zr. D., diakones",,1474,,,Netherlands
"Verwiebe, Ernst, zdl",1901-1961,1475,,,Germany
"Vessem, Jac. van, zdl",1901-1991,1476,,,Netherlands
"Vieker, Wilhelm, zdl",1891-1961,1477,,,Germany
"Viering, mw. Emmi",1903-1988,1478,,,Germany
"Vischer, M. arts",1895/6-1943,1479,,,Switzerland
"Visser, Ale, zdl",1837-1861,1480,,,Netherlands
"Vizjak, Georg",1871-1937,1481,,,Croatia
"Vlis, Chr. Jac. van der, taalk.",1813-1842,1482,,,Netherlands
"Vogelesang, L., arts",1879-1932,1483,,,Netherlands
"Volkmann, H. Wilhelm, zdl",1856-1908,1484,,,Germany
"Volmer, Hermann, zdl",1909-1961,1485,,,Germany
"Vonk, A.H., arts",1893-1978,1486,,,Netherlands
"Vonk, Jan Casper, zdl",1785-1838,1487,,,Netherlands
"Vonk, W.T., zdl",,1489,,,Netherlands
"Voogd, Abraham de, zdl",1864-1944,1491,,,Netherlands
"Voorham, B.A., zdl",1875-1908,1492,,,Netherlands
"Vos, Herman Cornelis Wilhelm de, arts . ~ ongehuwd gebleven?",1903-1942,1494,,,Netherlands
"Vriend, zr. Geesje",1901-1952+,1495,,,Netherlands
"Vries, zr. A.C. de",1907-1998,1496,,,Netherlands
"Vries, Izaak Engelbert de, zdl",1879-1920,1497,,,Netherlands
"Vries, Jan de. zdl",1885-..,1498,,,Netherlands
"Vries, Lourens de, zdl.",1869-1960,1499,,,Netherlands
"Vries, Sytze Jans de, zdl",1838-1899,1500,,,Netherlands
"Vries, S.S. de, zdl",1876-1949,1501,,,Netherlands
"Vroom, J. de, zdl",1841-1881,1502,,,Netherlands
"Vuuren, zr. A.C. van",1902-1974,1503,,,Netherlands
"Vuurmans, H., zdl",1895-1957,1504,,,Netherlands
"Waal, zr. Adr. Frederica van de",1906-1990,1505,,,
"Waals, Gerardus van der, zdl",1875-1945,1506,,,Netherlands
"Wagner, Eduard, zdl",1871-1941,1507,,,Germany
"Wagner, Heintz, zdl",1904-1978,1508,,,Germany
"Wagner, Otto, zdl",1905-1962,1509,,,Germany
"Wagner, Wilhelm, arts",1891-1968,1510,,,Germany
"Wal, Marinus van der, zdl",1835-1904,1511,,,Netherlands
"Walo, Ms. E. ()",,1512,,,United Kingdom
"Walter, Luitpold, zdl",1905-,1513,,,Switzerland
"Wang, Leland (Wang Zaj)",1898-1975,1514,,,China
"Wantzlick, Gustav Adolf",1867-1913,1515,,,Austria
"Ward, Nathaniel Moore, zdl",† ±1872,1516,,,United Kingdom
"Ward, Rev. William T.",,1517,,,United States of America
"Warneck, Johannes, zdl",1867-1944,1518,,,Germany
"Weber, Friedrich, zwm",,1519,,,Germany
"Weber, Georg Wilhelm, zdl",1841-1871,1520,,,Germany
"Wedel-Jarlsberg, Th. von",1863-1930,1521,,,Germany
"Weeda, J.B., zdl",1885-1938+,1522,,,Netherlands
"Weeda, mw. M.",,1523,,,Netherlands
"Weener, zr. C.L.",1899-1984,1524,,,Netherlands
"Weerd, Hermann de, zdl",1857-1885,1525,,,Germany
"Weerd, W.B. de, zdl",1905-2003,1526,,,Netherlands
"Weerden, Harm Jan van, zdl.",1899-1948,1527,,,Netherlands
"Weetneck, Auguste",1873-,1528,,,Germany
"Weg, J. van de, zdl",1887-1945,1529,,,Netherlands
"Weiler, zdl G.",,1530,,,Netherlands
"Weiss, Ernst, zwm",1831-1866,1531,,,Germany
"Weiss, zr. Kath. E.Th.",1890-1978,1532,,,Germany
"Weissenbruch, Hermann, zdl",1877-1945,1533,,,Germany
"Weisser, Samuel, zdl",1891-1942,1534,,,Germany
"Weissinger, H.",1904-1982,1535,,,Germany
"Wellensiek, mw. H.J., ond.",1882-1968,1536,,,Netherlands
"Welsz, Gerrit Joh., ond.",1882-1925,1537,,,Netherlands
"Werff, zr. Ienskje van der",1904,1538,,,Netherlands
"Werimon-Bakker, M.D., maatsch. werker, zie Bakker, mw. M.D.",,1539,,,
"Werkman, O., zdl",1887-1944,1540,,,Netherlands
"Werner, Lore",1898-1988,1541,,,Germany
"Wessel, zr. G. van",1905-1996,1542,,,Netherlands
"Wesseldijk, H.J., zdl",1886-1964,1543,,,Netherlands
"Wesseldijk, J.W., zdl",1889-1945,1544,,,Netherlands
"Westendorp, zr. Antje",1906-,1545,,,Netherlands
"Westerveld-van der Ben, zr. A.A.C. zie Ben, A.A.C. van der",,1546,,,
"Westerveld, Willem, ond.",1886-1961,1547,,,Netherlands
"Wetstein, J., zdl",1886-1967,1548,,,Netherlands
"Wiebe, Nicolai, zdl.",1862-,1549,,,Russia
"Wiegand, Heinrich, zdl",1876-1941,1550,,,Germany
"Wiegers, J., zdl",1891-1968,1551,,,Netherlands
"Wieënkötter, H. A. Florenz, zdl",1791/2-1828,1552,,,Germany
Wielenga (jr.) ds. D.K.,1880-1942,1553,,,Netherlands
"Wielenga, Johanna Dirkje, ond.",1907-1979,1554,,,Netherlands
"Wiersema, Jakob Siert, arts",1907-1981,1555,,,Netherlands
"Wiersma, J.N., zdl",1833-1907,1556,,,Netherlands
"Wieske, Hendrik, ond.",1884-1953,1557,,,Netherlands
"Wigand, Fr. Eberhard, zdl",1827-1859,1558,,,Germany
"Wiggelendam, K., zdl",1845-1909,1559,,,Netherlands
"Wiggers, Jan Albert, ond.",1893-1968,1560,,,Netherlands
"Wiggers, zr. Gesiena Ber.",1910-1959+,1561,,,Netherlands
"Wijnekes, zr. Plonia Maria",1885-1976,1562,,,Netherlands
"Wijngaarden, J.K., zdl",1866-1894,1563,,,Netherlands
"Wijs, Agatha Ant. de, diakones",1892-1924,1564,,,Netherlands
"Wikdal, P.S.",,1565,,,Scandinavia
"Wilcox, Rev. Burton O.",,1566,,,United States of America
"Wilhelm, Jacob, zdl.",1854-1892,1567,,,Netherlands
"Wilken, N.P., (O-Friesl.), zdl",1813-1878,1568,,,Netherlands
"Wilkening, Johannes, zdl",1873-1963,1569,,,Germany
"Wilkens, Ms. L.V., ond.",,1570,,,United Kingdom
"Willfinger, John F., zdl",1910-1942,1571,,,United States of America
"Winckler, Joh. Chr. Furchtegott",1799-1833?,1572,,,Germany
"Winkler, K.J.M. (Joh.), arts",1874-1958,1573,,,Germany
"Wits, zr. W.",1914-1991,1574,,,Netherlands
"Witt, mw. H.",1893-1978,1575,,,Netherlands
"Witt, Lothar, zdl",1904-1975,1576,,,Germany
"Wittmann-Nikolajew, Marussa,  ond.",1873-1953,1577,,,Russia
"Woelders, Willem H., zdl",1837-1892,1579,,,Netherlands
"Woensdregt, Jacob, zdl",1889-1928,1580,,,Netherlands
"Woerden, mw. M. van, ond.",,1581,,,Netherlands
"Woerner, Gustave, zdl.",1896-1978,1582,,,United States of America
"Wolff, zr. M.A.",1907/8-1996,1583,,,Netherlands
"Wolterbeek, Jan David",1890-1976,1584,,,Netherlands
"Wong A Tjhin, Ms., zdl",±1905-,1585,,,China
"Wood, George Alb. ()",1867-1944,1586,,,Australia
"Woodward, Leonard H.",1883-1950,1587,,,United Kingdom
"Woortman, H.D., zdl",1889-1986,1588,,,Netherlands
"Worthington, Rev. Charles M.",1876-1856,1589,,,United States of America
"Wortman, Louis M.D.",1906-1945,1590,,,Netherlands
"Woude, Adriana van der",1894?-,1591,,,Netherlands
"Wulp, Hendrik van der, ond.",1815-1891,1592,,,Netherlands
"Wunderink, Everdina Maria",1880-..,1593,,,Netherlands
"Yates, John Spain",1888-1950,1595,,,United States of America
"IJdens, Hendrik, ond.",1882-1949,1596,,,Netherlands
"IJkel, zr. Jeanna Agatha",1903-,1597,,,Netherlands
"Young, Ms. Ethel",,1598,,,United States of America
"Youngberg, Gustavus Benson",1888-1944,1599,,,United States of America
"Youngblood, William, zdl",1808-1886,1600,,,United States of America
"Zanten, zr. Adriana Joh. van",1886-,1601,,,Netherlands
"Zegers, J.L., zdl",1844-1919,1602,,,Netherlands
"Zegers Verhoeven, Elias Adr.  )ongehuwd gebleven?",1876-1928,1603,,,Netherlands
"Zeitter, Karolina Auguste",1865-1938,1604,,,Germany
"Zeldam Ganswijk, D.J. ten, zdl",1829/30-'69,1605,,,Netherlands
"Zenker, Clara",1877-1925,1606,,,Germany
"Ziegler, Julius, zdl",1885-1959,1607,,,Germany
"Zigterman, zr. Gepke",1880-1964,1608,,,Netherlands
"Zijlstra, P., zdl.",1897-1973,1609,,,Netherlands
"Zimmer, Georg, zdl",1826-1901,1610,,,Germany
"Zimmer, Woldemar, zdl",1903-1994,1611,,,Switzerland
"Zimmerbeutel, zr. Anna",1892-1970,1612,,,Germany
"Zimmerbeutel, G.A., zdl",1862-1921,1613,,,Germany
"Zimmermann, A.H.",,1614,,,Germany
"Zimmermann, Philipp, zdl",1875-1953,1615,,,Germany
"Zissler, Ferdinand, zdl",1875-1943,1616,,,Germany
"Zuidema, Jacob Popkes, ond.",1860-1932,1617,,,Netherlands
"Zuidema, Pieter Jan, arts",1907-1996,1618,,,Netherlands
"Zuidema, ds. dr. Sytse Ulbe",1906-1975,1619,,,Netherlands
"Zuijlen, zr. A.M. van",1899-1987,1620,,,Netherlands
"Zuppinger, H., verpleger, zdl",± 1880-,1621,,,Germany
"Zwaan, A.C., arts",1899-1959,1622,,,Netherlands
"Zwaan, ds. Cornelis",1871-1938,1623,,,Netherlands
"Zwaan, C., zdl",1909-1977,1624,,,Netherlands
"Zwaan, Corn. Laurens, arts",1901-1944,1625,,,Netherlands
"Zwaan, W.J.A., zdl",1881-1954,1626,,,Netherlands
"Zwerus, A.J., ond.",1903-1944,1627,,,Netherlands
