nama orang,geb/overl.,id
"Aa, zr. W. van der (N) ",1908-1942/5,0
"Aalbers, dr. Joh. Godefr., arts (N)",1910-1992,1
"Aalders, zr. Jacoba (N)",1910-1999,2
"Abeel, David (VS)",1804-1846,3
"Abkoude, ds. F.N.M. van (N)",1895-1988,4
"Ackermann, Gustav, zdl. (D)",1876-1955,5
"Adriaanse, A.J., zie Gemerts-Adriaanse, A.J.",,6
"Adriaanse, ds. L. (N)",1856-1947,7
"Adriani, dr. Nicolaus (N)",1865-1926,8
"Aebersold, W.E., zdl (Zwits.)",1903-1996,9
"Agter, H.J., zdl (N)",1892-1957,10
"Akersloot, J., zdl. (N)",1790/1-1830,11
"Akerson, Rev. Leroy Lind (VS)",1892-1921,12
"Akkeren, dr. Philippus v, zdl (N)",1910-1993,13
"Albers, C., zdl (N)",1837-1920,14
"Albrecht, zr. Magdalene (D)",1895-1968,15
"Alewijn, jhr. Anton Godfried (N)",1877-1954,16
"Alfs, Anna (D)",1877-1967,17
"Alkema, B.M., zdl (N)",1868-1942,18
"Alkema, Menno Theod. (N)",1894-1963,19
"Allaart Bernard, arts (N)",1908-1999,20
"Allaart, ds. Dirk J. Bergardus (N)",1898-1945,21
"Allstrom, Rev. Eric W. (VS)",,22
"Alm, Rev. Ragnar (Skand.)",1900-1964+,23
"Alphen, J.J. van",1848/9,24
"Alphen, Pauline El. van (N)",1885-1945,25
"Alt, Gustav Adolf (D)",1856-1921,26
"Alt, Marg. Adriana (N)",1883-1962,27
"Ameler, August (D)",1877-1940,28
"Amstutz, Daniel, zdl. (Zwits.)",1906-1991,29
"Andel, zr. Corn. Cath. Herm. (N)",1913-1997,30
"Andel, dr. H.A. van (N)",1875-1945,31
"Anders, Emilie (D)",1868-1922,32
"Anderson, E.G.O. (GB)",,33
"Anken, zr. Roelfke van (N)",1906-2001,34
"Anskohl, Martin (D)",1883-1945,35
"Antheunisse, A., ond. (N)",1896-1990,36
"Archer, Rev. Raymond LeRoy (VS)",1887-1970,37
"Arff-Schumacher, Elli (D)",1865-1914,38
"Arkel, zr. G. van, diakones (N)",1903-1984,39
later G. Kiewiet-van Arkel,,40
"Arms, William, zdl (VS)",1802-1889,41
"Arps, B.J., zdl (N)",1898-1962,42
"As, A. van, zdl (N)",1886-1920,43
"Asselt, Gerrit van, zdl (N)",1832-1910,44
"Augusteijn, zr. Jolina (N)",1905-2000,45
"Baan, zr. Maria (N)",1896-1994,46
"Baan, M.J.G., zie Voorst-Baan",,47
"Baarbé, Cornelia, ond., evangel. (N)",1894-1981,48
"Baarbé, zr. Hendrika (N)",1896-,49
"Baarda, M.J. van, zdl (N)",1854-1940,50
" Baars, Dingeman Joh., zdl (N)",1907-2000,51
"Baier, Georg (D)",1894-1987,52
"Bakker, Dirk, (N)",1865-1932,53
"Bakker, Dirk, arts (N)",1898-1973,54
"Bakker, F.L. (N)",1893-1971,55
"Bakker, G.F.C., zdl (N)",1897-1954,56
"Bakker, P., ond. (N)",,57
"Balen, J.A. van, zdl. (N)",1854-1941,58
"Baljon, J.M.S., zendeling (N)",1891-1978,59
"Baltin, zr. A. (N)",  -1942/45,60
"Bansemer, C.L., zdl. (D)",1885-1953,61
"Bär, Chr. G., zdl. (N)",,62
"Bär Sr., J.J., zdl. (Zwits.)",1786-1851,63
"Bär Jr., J.J., zdl (N)",1829/30-'84,64
"Barnstein, Joh. Heinrich, zdl. (D)",1802-1863,65
"Barreveld, zr. Teuntje H. (N)",1902-1978,66
"Bart, Johann, zdl. (Zwits.)",1893-1943,67
"Barth, Wilhelm, zdl. (D)",1869-1950,68
"Bassfeld, Dietrich (D)",1877-1940,69
"Bast, Tijmen, arts (N)",1899-1999,70
"Baughman, Rev. Burr J., (VS)",1887-1920,71
"Bauszat, Chr., zdl (D)",1879-1914,72
"Bauszat-Pistor, Paula (D)",1877-1948,73
"Bavinck, dr. J.H. (N)",1895-1964,74
"Bax, Hendrik, zdl. (N)",1887-1940,75
"Becker, Emil (D)",1882-1955,76
"Becker, Johann Friedrich (D)",1811-1849,77
"Becker, Karl (D)",1876-1923,78
"Becker, Wilhelm (D). Dir. PT Becker Brand te Sibolga, penasihat RMG",,79
"Beckman Lapré, mw. L.M. (N)",,80
"Bedet, Jozias S., arts (N)",1914-1944,81
"Beek, H. van de, zdl > ond. (N)",1897-1961,82
"Beek, W. van de, zdl. (N)",1888-1954,83
"Beekman, Fred. Gerard. (N)",1870-,84
"Beekman, Hendrik Clement (N)",1896-1975,85
"Beel, Theodor (D)",1906-1972+,86
"Been, M. (N)",1838-1882,87
"Beisenherz, Auguste (D)",1865-1961,88
"Beisenherz, Daniel G.C. (D)",1872-1952,89
"Bekkering, mw. M.J., ond. (N)",,90
"Belksma, A., ond., zdl. (N)",1909-1945,91
"Belksma, J., ond., zdl. (N)",1884-1942,92
"Ben, zr. A.A.C. van der (N)",1892-1966,93
"Bent, Nic. W. van der, zdl (N)",1913-1982,94
"Benthem Jr., J. van, zdl (N)",1890-1968,95
"Berends ten Kate, B., ond., zie Kate, B. Berends ten",,96
"Berg, Jelle, arts (N)",1895-1982,97
"Berg, E.J. van den, zdl (N)",1873-1955,98
"Berg, H.W. van den, zdl (N)",1895-1945,99
"Berg, W.H. van den, zdl (N)",1897-1966,100
"Berger, Carl (D)",1875-1947,101
"Berger, Heinrich Julius (D)",-1845,102
"Berghäuser, Heinrich, zdl. (D)",1906-1999,103
"Bernard, William J. (GB)",1866-1945,104
"Bertsch, mw. K. (D)",1890/1-1982,105
"Bervoets, dr. H., arts (N) ",1867/8-1933,106
"Best, Cornelis de, zdl. (N)",1837-,107
"Bettink (Betting), H., zdl (N)",1840-1916,108
"Betz, Alfred (D), zdl., (D)",1905-1976,109
"Betz, Fred. Willem, zdl. (N)",1832-1881,110
"Betz, Gottlieb M.C.Ch., zdl. (D)",1874-1947,111
"Betz, mw. Mimi, ond. (N)",,112
"Beukhof, J., zwm (N)",1830-1900,113
"Beunders, Henri P.G., ond., (N)",1878-1956,114
"Beyer, August Wilhelm (D)",1815-1882,115
"Beyer, Carl Aug. Hermann, zwm (D)",±1840-1918,116
"Beyer, R. (D), zwm (D)", -1871+,117
"Bezemer, Tammo Jacob, zdl (N)",1869-1944,118
"Bieger, Johannes Nicolaas, zdl. (N)",1877-1967,119
"Bieger, Phil., zdl (N)",1841-1911,120
"Bielefeld, Carl, zdl. (D)",1878-1966,121
"Bielski, zr. Alice I. (VS)",1882-1944?,122
"Bierdrager, Jacob, arts (N)",1903-1984,123
"Bierhuys, M. (N)",,124
"Bierkuis, mw. L., ond. (D)",,125
"Biersteker, zr. Jannetje, (N)",1903-1971,126
"IM GZbl 1971, 138",,127
"Biezen, A. van der, ond. (N)",1901-1930,128
"Bigler, W., zdl. (Zwits.)",1903-1976,129
"Bijkerk, J., ond. (N)",,130
"Bijkerk, Jac., zdl (N)",1887-1978,131
"Bijl, zr. Jansje (N)",1896-1946+,132
"Bijl, Adr. van der, ond. (N)",1898-1945,133
"Bijlefeld, Jan, zdl. (N)",1895-1934,134
"Bijsterveld, Arie, arts (N)",1898-,135
"Bikker, ds. A. (N)",1898-1977,136
"Billmann, H., zdl (D)",1883-1964,137
"Bink, Gerardus L., zwm > zdl (N)",1844-1899,138
"Bittner, Linus H., arts (VS)",1890-1959,139
"Blecher, Friedrich, zdl. (D)",1866-1939,140
"Bliek, A.J., zdl, (N)",1873-1946,141
"Blinde, Joost Hendrik, zdl (N)",1873-1948,142
"Block, mw. Helene (D)",1874-1945,143
"Blomberg, zr. Lamberta H. (N)",1903-1989,144
"Böckmann, mw. Laura (D)",1844-1903,145
"Bodaan, Laurens, zdl (N)",1878-1966,146
"Boddé, J., zdl (N)",1849-1917,147
"Bode, Werner A., zdl (D)",1890-1942,148
"Bode, A. de, zdl (N)",1839-1873,149
"Boer-de Raadt, zr. Sophia Maria Gerardina de (N)",1866-1949,150
"Boer, Pieter de (N)",1876-1961,151
"Boer, Reyer de, zdl (N).",1835-1891,152
Boetzelaer van Asperen en Dubbel­-,1973-1956,153
"dam, C.W.T. baron van (N)",,154
"Bogaards, zr. Antje (N)",1913-,155
"Boger, F., zdl. (D)",1884-1942,156
"Böhl, Bertha, diakones (D)",1886-1972,157
"Bohlken, dr. S., arts (N)",1904-2000,158
"Bokma, zr. J. (N)",,159
"Bokma, zr. Louisa Fred. (N)",1902-,160
"Boland, ds. B.J. (N)",1916-2003,161
"Bolt, zr. Melina (N)",1888-1981,162
"Bolwijn, ds. Albert (N)",1854-1935,163
"Bomas, Willem (N)",1904-1943,164
"Bonebakker, A., arts (N)",1895-1975,165
"Bone, mw. A.E. (N)",,166
"Bonert, Alwine (D)",1910-,167
"Bonn, Peter, zdl. (D)",1851-1929,168
"Bonzel, J.H.M. van, zdl (N)",1892-1944,169
"Boorsma, zr. W. (N)",1887-1939,170
"Booy, J.J., ond. (N)",1892-1956,171
"Borch, Wilhelm, zdl. (D)",1870-1947,172
"Borden, zr. G. van der (N)",1902-1984,173
"Börger, Friedrichzdl., (D)",1878-1934,174
"Bormeister, J.F., zdl. (Rusland)",1784/5-1825,175
"Borst, L., ond. (N)",1877-1946,176
"Borutta, Ludwig, zdl (D)",1879-1959,177
"Bos, mw. zr. D. (N)",,178
"Bos, Gerardus, ond. (N)",1896-1945,179
"Bos, drs. Hilbrand, ond. (N)",1910-,180
"Bos, J. (N)",,181
"Bos, Jan, zdl. (N)",1906-1981,182
"Bos, Sara Jacoba (N)",1909-1967,183
"Bos, zr. M.M. van den (N)",1902-1986,184
"Bosch, Jan, ond. (N)",,185
"Boshuizen, Willem, ond. (N)",1896-1945,186
"Bosman, D.J., ond. (N)",1894-1967,187
"Bosman, dr. F.J., arts (N)",1898-1972,188
"Bossert, R., zdl (N)",1814-1889,189
"Bosshardt, mw. M., ond. (N)", 1883-1945,190
"Bot Jr, Kornelis Adr., zdl (N)",1903-1989,191
"Both, zr. G.A. (N)",1887-1926,192
"Boulogne, Bastiaan, zdl. (N)",1899-1974,193
"Bout, D.C.A., zdl (N)",1883-1969,194
"Bouwer, Pieter J. (N)",1892/3-1971 ,195
"Bovenkamp, J.R. van den, zdl (N)",1865-1901,196
"Bower, Harry C. (VS)",,197
"Braches, Ernst Friedrich, zdl. (D)",1844-1922,198
"Bradley, William Paul (VS)",1897-1985,199
"Brakensiek, Heinrich, zdl. (D)",1865-1933,200
"Braun, K., zdl. (D)",1903-1981,201
"Bregenstroth, Ludwig, zdl. (D)",1881-1961,202
"Bremmer, J., arts (N)",1895-1969,203
"Bretzler, Johann, zdl (D)",1873-1938,204
"Brill, John Wesley (VS)",1904-1985,205
"Brilman, D., zdl. (N)",1898-1972,206
"Brink, Henriëtte Georgine (N)",±1900-,207
"Brink, ds. Hendrikus van den (N)",1904-1982,208
"Brinkman, H.B., ond. (N)",1884-1960,209
"Brinkschmidt, Friedrich, zdl. (D)",1869-1935,210
"Brinkschmidt, Robert, zdl. (D)",1873-1936,211
"Brockhaus, Otto, zdl. (D)",1877-1911,212
"Broek, Gerardus ten, zdl. (N)",1885 -1918,213
"Broekgaarden, G.J., ond. (N)",1898-1942+,214
"Broekmate, Hermann, zdl. (D)",1873-1910,215
"Bron, mw. Geertje (N)",1912-2000,216
"Bronkhorst, mw. Coleta (N)",1902-1973,217
"Brouwer, zr. E. (N)",1889-1957,218
"Brouwer, Jacob G. (N)",1871?-1939,219
"Brouwer, M., zdl (N)",1845-1912,220
"Bruch, August, zdl. (D)",1864-1953,221
"Brückner, Gottlob W., zdl. (D),",1783-1857,222
"Brückner, Wilhelm, zdl. (D)",1878-1945,223
"Brug Sr., O. van der, zdl (N)",1863-1927,224
"Brug Jr., O.E. van der, zdl (N)",1893-1985,225
"Brugghen, zr. A.E.P. van der (N)",1889-1952,226
"Brugghen, mw. Clara M. vd (N)",1884-1977,227
"Bruijn Azn, ds. C. de (N)",1859-1932,228
"Bruijn, R. le, zdl (N)",1799-1829,229
"Bruijne, Gerrit Adriaan de, arts (N)",1906-1963,230
"Bruining, Wernard, zwm (N)",1809-1872,231
"Brummelkamp, R., arts (N)",1897-1994,232
"Buchanan, Rev. C.S. (VS)",,233
"Buchholz, Charlotte (D)",1866-,234
"Buijsman, mw. N. (N)",,235
"Buitelaar, Leendert, arts (N)",1907-1944,236
"Bunker, Edward J. (VS)",,237
"Burger, W. Corn., arts (N)",1912-1999,238
"Burgers, Mar. Alb., zwm (N)",1823-1869,239
"Burgstede, E.C., zdl (N)",1908-1979,240
"Burgt, zr. Amelia van de (N)",,241
"Burton, Richard (GB)",-1828,242
"Buttenaar, H.N., zdl (N)",1787-1833,243
"Carey, Jabez, zdl. (GB)",1793-1862,244
"Carlson, O.A. (VS)",,245
"Cass, Ms. E., ond. (VS)",,246
"Casteren van Cattenburgh, C.L. (N)",1824/5-1854,247
"Cate, zr. H.F. ten, (N)",,248
"Chadwick, Ms. Freda P. (VS)",,249
"Chen, J.T.. zdl. (China)",±1905-,250
"Cheung, F.L., zdl.(China)",±1905-,251
"Chong, C.C., zdl. (China)",±1905-,252
"Christiansen, Julius L.F., zdl. (D)",1844-1934,253
"Chu, S.W., zdl. (China)",±1905-,254
"Clercq, Rijnhart Willem de (N)",1878-1939,255
"Clevering, zr. Hendrika (N)",1890-1957,256
"Clench, Cliff David (Canada)", ±1900-1933,257
"Cole, J. Preston (VS)",,258
"Colenbrander, ds. J.F. (N)",1877-1964,259
"Combe, Emma C. (Zwits.)",1812-1844,260
"Condit, Azubah C. ond. (VS)",±1810-1844,261
"Coolsma, S., zdl (N)",1840-1926,262
"Cornet, Pieter, zdl, (N)",1879-1969,263
"Coutrier, Louise (N)",1910-,264
"Crommelin, ds. Daniël, zdl (N)",1879-1954,265
"Cseszkó, G., arts (Hong.)",1902-1945,266
"Culemann, Herrmann H., zdl. (D)",1855-1909,267
"Cusell, C.J., zdl (N)",1837-1869,268
"Dabritz, Edward W., ond. (VS)",,269
"Dake, W.J.L., arts (N)",1890-1973,270
"Dalen, Marinus van, zdl (N)",1831-1899,271
"Dam, mw. zr. C. van (N)",,272
"Dammerboer, J., zdl (N)",1830-1925,273
"Damschen, Joh., zdl. (D)",1911-1966,274
"Dannert, Theodor, zdl. (D)",1875-1959,275
"Dannert, dr. W., arts (D)",1894-1981,276
"Dassel, Adolf, zdl. (D)",1866-1945,277
"Dedecker, O., zdl. (Belgia)",1887-1968,278
"Deibler, C. Russell (VS)",1905-1943,279
"Deinum, Sjoukje (N)",-1934,280
"Dekker, Hendrik, zdl. (N)",1861-,281
"Dekker-Drescher, mw., zie Drescher",,282
"Delfos, ds. A. (N)",1849-1923,283
"Denninger, Ernst Ludwig, zdl. (D)",1815-1876,284
"Denyes, J.R. (VS)",1869-1936,285
"Dietrich, Carl (D)",1828-1876,286
"Dietzel, F.W. L, arts (D)",1902-1942,287
"Dijk, A. van, zdl (N)",1878-1942,288
"Dijk, D.J. van, zdl. (N)",1898-1987,289
"Dijk, ds. K. van (N)",1877-1945,290
"Dijk, Tjalling van, ond. (N)",1885-1971,291
"Dijk, ds. W. van (N)",1889-1987,292
"Dijkema, Klaas, ond. (N)",1886-1970,293
"Dijken, H. van, zwm > zdl (N)",1832-1900,294
"Dijkhuis, Engelbert, zdl (N)",1900-1981,295
"Dijkhuis, Joh., zdl (N)",1904-1942/5,296
"Dijkstra, A., zdl (N)",1840-1893,297
"Dijkstra, Hendrika Hermina, ond. (N)",,298
"Dimbleby, Kate (GB)",1858-1923,299
"Dingstee, zr. Alida M. v. (N)",1884-1973,300
"Dirks, David, zdl. (Rusland)",1874-1926,301
"Dirks, Heinrich, zdl. (Rusland)",1842-1915,302
"Dittmar, F.J.J. (D)",,303
"Dittmar, Grace M., dl. (VS)",1910-1942,304
"Dixon, Herman, zdl. (VS)",1908-1994,305
"Dolman, C., zdl (N)",1911-1991,306
"Dommers, A., zdl (N)",1796/7-1841,307
"Donselaar, W.M., zdl (N)",1820-1883,308
"Doorn, dr. C.L. van, zdl (N)",1896-1975,309
"Doren, William Th. van, zdl. (VS)",,310
"Dörmann, Friedrich, zdl. (D)",1901-1983,311
"Dornsaft, Joh. Wilhelm, zdl. (D)",1847-1915,312
"Dorst, Sybrig, ond. (N)",1905-1992,313
"Doty, Elihu, zdl. (VS)",1809-1864,314
"Douwes, D., zdl (N)",-1835,315
"Doyer, Thomas, zdl. (N)",1822-1861,316
ongehuwd gebleven,,317
"Dreckmeier, G.J., arts (N)",1895-1992,318
"Drescher, zr. M. (Dekker-) (N)",,319
"Dresselhaus, Bernhardine (D)",1881-1925,320
"Drinhaus, Peter (D)",1889-1950,321
"Drost, H., zdl. (N)",1865-1940,322
"Drost, zr. H.J. (N)",,323
"Droste, Jan Frederi(c)k, zdl. (N)",1864-1915?,324
"Duinker, F., zdl., (N)",1912-1943,325
"Duker, Willem, ond. (N)",1913-2010,326
"Dunnebier, W., zdl (N)",1877-1955,327
"Durkstra, ds. Eduard (N)",1909-1987,328
"Dürr, dr. Johannes, ond. (Zwits.)",1904-1972,329
"Dutton, Emily (GB)",1860-1939,330
"Duymaer van Twist, A.J., arts (N)",1867 -1923,331
"Duyvendak, H.W., zdl (N)",1893–1950,332
"Eck, R. van, zdl (N)",1842-1901,333
"Eckert, August, zdl. (D)",1871-1902,334
"Edborg, Ms. V.M. (Swedia)",,335
"Eelen, H.G. van, zdl (N)",1888-1958,336
"Eelsing, Hendrik (NL)",1896-1971,337
"Eendenburg, S. van, zdl (N)",1853-1912,338
"Eerland, L.D., arts (N)",1897-1977,339
"Eggenberger, Agathe, ond. (Zwits.)",1904-1991,340
"Eggink, H.J., zdl (N)",1875 -1940,341
"Eggink, Jacoba Maria, ond. (N)",1912-2008,342
"Eglin, zr. Anna Maria (D)",1893-1970,343
"Eigen, P.K. Otto von, ond. (D)",1888-1984,344
"Eigenbrod, Friedrich, zdl (D)",1885-1936,345
"Eijgendaal, J., zdl (N)",1897-1981,346
"Eijgenraam, Fr., ond. (N)",1898-1967,347
"Eijk, ds. P.H. van (N)",1899-1960,348
"Eijkhout, Anna S. van, ond. (N)",1882-1923,349
"Eijkman, Koenraad Hein, arts (N)",1898-1950,350
"Eklund, Rev. Abel (VS?)",,351
"Ekris, Arris van, zdl (N)",1830-1868,352
"Ellen, zr Alida M.J. (N)",1908-1970,353
"Ellen, G.J., zdl (N)",1876-1957,354
"Ellinghaus, Emil, zdl. (D)",1881-1952,355
"Emmerik, Adolf Th. Jac. van (N)",1858-1924,356
"Emmerik-Cleverly, Alice Corn. (GB)",-1941,357
"Endt, A. van der (N)",1881-1969,358
"Endt, Johanna P. van der, ond. (N)",1894-1920,359
"Engelberts, zr. A.E.W.Ch. (N)",1898-1965,360
"Engelen, C.A.J. van, zdl (N)",1873-1949,361
"Engelen, Mej .M.B. van, arts (N)",1911-1977,362
"Engelmann, dr. W.H. (N)",1836-1868,363
"Enklaar, dr. I.H., theoloog (N)",1911-1994,364
"Ennis, Jacob, zdl. (VS)",,365
"Enserinck, zr. Amalia Const. (N)",1872-1928,366
"Epple, mw. A. (D)",1909-,367
"Epple, Karl David, zdl. (D)",1877-1944,368
"Eriks, Neeltje, diacones (N)",1883-1945?,369
"Erkelens, J.L., ond. (N)",1908-1984,370
"Erlecke, F.K. (D)",,371
"Erlen, Paul von, zdl. (D)",1877-1914,372
"Essen, A. van, zdl (N)",1877-1953,373
"Essen, A.Ch. van, zwm > zdl (N)",1832-±1905,374
"Esser, dr. ds. B.J. (N)",1876-1944,375
"Esser, Cornélie Cath. H., ond. (N)",1911-1945,376
"Esser, dr. Julius Pieter, zdl. (N)",1852-1889,377
"Esser, Sam. Jonathan David (N)",1874-1948,378
"Esser, Samuel Jonathan (N)",1900-1944,379
"Evans, Charles, zdl. (GB)",-1869,380
"Everaars, Pieter R., ond. (N)",1884-1955,381
"Exel, Frederick Hendrik, zwm (N)",1828-1881,382
"Faass, G. (D)",,383
"Faassen, Gradus (N)",1880-1971,384
"Faber, C.W., ond. (N)",1905-1945,385
"Fankhauser, Ms. Rose E. (VS)",,386
"Fast, Joh. Gerhard, zdl. (Rusland)",1861-1941,387
"Fast, J.J., arts (D)",1892-1945,388
"Fastenrath, W., zdl (D)",1906-,389
"Fauser, Fr. August, zwm (D)",1827-1865,390
"Feher, K.E. von, arts (Hong.)",1883-,391
"Fehr, Adam, zdl. (D)",1850-1932,392
"Feige, Ernst Wilhelm, zdl. (D)",1840-1901,393
"Feist, zr. Käthe L.A. (D)",1892-1979,394
"Feldsieper, zr. Auguste (D)",1891-,395
"Ferguson, C., zdl (N)",1891-1934,396
"Fiebig, Friedrich, zdl. (D)",1887-,397
"Fiedler, J.F. (D), zdl",1807/8-1837,398
"Finke, Wilhelm Heinrich, zdl. (D)",1885-1964,399
"Finn, J., zdl. (N)",1789-1853,400
"Finster, Lewis V. (VS)",1873-1977,401
"Fischer, Friedrich, zdl., (D)",1880-1960,402
"Fischer, Hugo, zdl. (D)",1883-1951,403
"Fischer, dr. Isaac Antoon, arts (N)", 1896 -1971,404
"Fisher, Rev. Albert H. (VS)",,405
"Fisk, George Elba (VS)",1905-1977,406
"Flach, Gustav Johann, zdl. (Zwits.)",1908-,407
"Flach, J.C., arts (N)",1884-1964,408
"Flender, Wilhelm, zdl. (D)",1911-2000,409
"Flick, Alfred, zdl. (D)",1907-1979,410
"Flückiger, P., zdl. (Zwits.)",1895-1958,411
"Föhl, zr. W.M. (D? Zwits.?)",1884-1939,412
"Fokkema, Hetty (N)",1905-1986,413
"Fonkert, zr. H. (N)",1887-1966,414
"Fortgens, Jac., zdl (N)",1876-1955,415
"Franken, Carl, zdl. (D)",1881-1942,416
"Frederiksen, K/C. (Skand.)",,417
"Freeman, Rev. Mark (VS)",1881-1959,418
"Freitag, Eduard, zdl. (D)",1903-1932,419
"Frickenschmidt, Chr.W., zdl. (D)",1856-1935,420
"Fries, Eduard, zdl. (D)",1877-1923,421
"Fries, Ms. Ruth M. (VS)",,422
"Frouws, Jac., ond. (N)",1894-1933,423
"Fuchs, Nikolaus, zdl. (D)",1877-1931,424
"Gabriel, Carl, zdl. (D)",1880-1952,425
"Gaikhorst, T.A., ond. (N)",1883-,426
"Garnerus, Annette, ond. (D)",1889-..,427
"Gazendam, zr. Grietje (N)",1891-1963,428
"Geer, jvr. zr. J.M. de, diacones (N)",1878-1945,429
"Geerdink, A., zdl (N)",1829-1878,430
"Geerse-Matze, P.I., zie Matze",,431
"Gehrels, C.A., arts (N)",1881-1921,432
"Geissler, Gustav A.W., zdl, (N)",1865-1935+,433
"Geissler, J.G. zwm (D)",1830-1870,434
"Gelder, zr. C.J.M. van (N)",,435
"Geleijnse, ds. M. (N)",1893-1985,436
"Genderen, zie van den Hoven van Genderen",,437
"Gennip, Hindrik Doewes v., zdl (N)",1822-1866,438
"Gericke, G.F.A., zdl. (D)",1801/2-'34,439
"Gericke, J.F.C. (D)",1799-1857,440
"Gericke, Paul A., zdl. (D)",1865-1926,441
"Gericke, Wilhelm Ed. Friedr., zdl (D)",1863-1940,442
"Gerlach, Georg, zdl (D)",1885-1946?,443
"Giezendanner, zr. Elise (Zwits.)",1906-1997,444
"Gijsman, P.N., zdl (N)",1844/5-1919,445
"Gillis, Walter Emslie (Canada)",1974-1954,446
"Gink, zr. J.M. van (N)",1881-1965,447
"Ginsberg, Gustav, zdl. (D)",1872-1943,448
"Glastra, zr. M. (N)",1899-1985,449
"Gnirrep, Anna (N)",,450
"Godau, Anna Rosine (D)",1888-,451
"Godwin, Mrs. (VS)",,452
"Goedhart, C., arts (N)",,453
"Goemaat, Louise (N)",1904-1992,454
"(GZbl 1931, 198; 1937, 217)",,455
"Goes, Wilhelmus van der, zwm (N)",1823-1879?,456
"Goetsch, August W.F., zdl (D)",1844-1870,457
"Gokkel, zr. Aletta Maria (N)",1874-,458
"Gonggrijp, Justus R.P.F., zdl (N)",1827-1909,459
1831-1861),,460
"Goossen, zr. Helena (Rusland)",1889-1945,461
"Goossens, ds. S.J.P. (N)",1902-1983,462
"Goris, mw. A.M., ond. (N)",,463
"Gort, zr. G. (N)",1897-,464
"Goslinga, J.J.J., arts (N)",1906-1987,465
"Gotschall, Newton I., ond. (VS)",1893-1979,466
"Göttin, J.W. (Zwits.)",,467
"Goudoever, J. van, ond. (N)",1900-1962,468
"Goudswaard, A., zdl (N)",1830-1864,469
"Gouweloos, M.J., zdl (N)",1898-1942,470
"Graaf, zr. Adriana Anneke de (N)",1906-1974,471
"Graaf, C. de, zdl (N)",1846-1905,472
"Graaf, zr. Car. Louise de (N)",-1962,473
"Graaf, dr. H.J. de, ond. (N)",1899-1984,474
"Graaf, K. de, zdl (N)",1909-1944,475
"Graafland, N., ond. (N)",1827-1898,476
"Graafstal, Dominicus (N)",1871-1927,477
"Graafstal-vd Steur, S.M. (N)",1868-1962,478
"Gräb, Karl Ludwig (Belgia)",1873-1939,479
"Gräber, Ida (D)",1980-1953,480
"Gramberg, K.P.C.A., arts (N)",1895-1996,481
"Gramberg, ds. Th.W.B.G. (N)",1897-1983,482
"Grashuis, mr. Gerhardus Jan(N)",1835-1920,483
"Grau, W. zdl (D)", 1886-1924,484
"Graumann, Wilhelm (D)",1906-2000,485
"Griebenow, Ms. Viola M. (VS)",,486
"Griffin, David (VS)",,487
"Grim(m), Johan(n) P., zwm (D)",1812-1857,488
ongehuwd gebleven,,489
"Groep, Jacob van de (N)",1885-1977,490
"Groesbeek, Cornelis (VS)",1874-1953,491
"Grohe, A., zwm (D)",1825-1891,492
"Grondel, Pieter Joh., zdl (N)",1901-1955,493
"Grondsma, zr. Hilly (N)",1898-1942/5,494
"Groot, Albertus Karel de, zdl. (N)",1896-1975,495
"Groot, J.H. de, zdl (N)",1891-1973,496
"Groot, dr. Klaas Pieter, arts (N)",1888-1965,497
"Groot, zr. W.M. de (N)",1907-1998,498
"Grootendorst, zr. G., zie G. Voordouw-Grootendorst",,499
"Guillaume, Henri Alouis zdl (D)",1865-1930,500
"Gunther, P., zwm (N)",1833-1888,501
"Güse, Theodor, arts (D)",1904-1936,502
"Guther, Ferdinand, verpleger (D)",1905-1990,503
"Gützlaff, Karl Fr. A. (D)",1803-1851,504
"Haaft, Dirk Albertus ten, zdl (N)",1908-1988,505
"Haag, Pieter Bernardus, zdl (N)",1844-1925,506
"Haan, A. de, zdl (N)",1854-1921,507
"Haan, Enno, zdl (N)",1845-1898,508
"Haan, J.G. de, zdl (N)",1876-1959,509
"Haan, Fannie M. de, ond. (N)",,510
"Haandrikman, G., diakones (N)",1898-1986,511
"Haas, C. de, verpleger (N)",,512
"Haas, ds. Willem Samuel de (N)",1883-1973,513
"Haffner, Hugo, zdl. (D)",1903-1982,514
"Hager, Fr. Chr. Wilhelm, zdl (D)",1840-1900,515
"Haibach, Wilhelm, zdl (D)",1880-1953,516
"Hall, Rev. C.J. (VS)",,517
"Hamacher, Alwine, verpleegster (D)",1889-1954,518
"Hamel, Rev. J. Carel (N)",1897-1979,519
"Hamer, Gerard Pieter, ond. (N)",1882-1966?,520
"Hampp, Herrmann, zdl (D)",1882-,521
ongehuwd gebleven?,,522
"Hangelbroek, Hendr. Marg. Reb. (N)",1903-,523
"Hansen, Mina (Skand.)",,524
"Hanstein, Ludwig, zdl (D)",1853-1929,525
"Hardeland, August, zdl (D)",1814-1891,526
"Harder, Albert Gottfried, zdl (D)",1870-1945,527
"Harder, Alfriede (D)",1896-1971,528
"Harmsen, Leendert Karel, zdl (N)",1844-1919,529
"Hartgerink, Jan Willem, arts (N)",1887-1948,530
"Hartgerink, zr Elisabeth Louise Thérèse (N)",1891-,531
"Harthoorn, S.E., zdl (N)",1831-1883,532
"Hartig, F. (D)",1804-1854,533
"Hartfeld, zr. S. (D)",,534
"Hartweg, Friedrich Wilhelm, zdl (D)",1891-1935,535
"Hartwig, Friedrich, zdl (D)",1880-1930,536
"Haspers, Geziena (N)",1906-1979,537
"Hasselmeyer, zr. E. (N)",,538
"Hasselt, F.J.F. van, zdl (N)",1870-1939,539
"Hasselt, J.L. van, zdl (N)",1839-1930,540
"Hasselt, W.H.Th. van, zdl (N)",1872/3-1930,541
"Hawthorne, Kath. Rader, zdl (VS)",1891-1980,542
Hazewindus. zr. H. (N),1902-1986,543
"Hebbenaar, zr. Elberta C.L. (N)",1909-1942,544
"Hebeler, Heinrich, zdl (D)",1905-1982,545
"Hecker, Philipp. zdl (D)",1892-1984,546
"Heemskerk, mw. M., ond.",,547
"Heen, zr. A. (N)",,548
"Heerig, Chr., zdl (D)",1867-1918,549
"Heeringa, Gosse, ond. (N)",1906-1985,550
"Heertjes, N., ond. (N)",1880-1953,551
"Heidema, zr. A.J. (N)",1903-1997,552
"Foto GZbl 1936, 111",,553
"Heider, Heinrich (D)",1848-> 1892,554
"Heienbrock, Wilhelm, zdl (D)",1855-1949,555
"Heijmering, G., zdl (N)",1792-1867,556
"Hein, Piet, ond. (N)",1895-,557
"Heine, Carl W., zdl (D)",1833-1897,558
"Heine, Ludwig (D)",1855-1884,559
ongehuwd gebleven,,560
"Heintze, K.E.E., zdl (D)",1897-1981,561
"Hekstra, Doeke, ond. (N)",1901-1972,562
"Hekstra-Koolstra, M.A. (N)",1903-1945,563
"Held, dr. Gerrit Jan (N)",1906-1955,564
"Hellendoorn, G.J., zdl (N)",1792/3-1839,565
"Heller, Arn. H.O., zdl. (D)",1864-1936,566
"Hellweg, Friedrich Wilh., zdl (D)",1855-1886,567
ongehuwd gebleven,,568
"Helsdingen, mw. J.M. van (N)",1887-1962,569
"Henkel, Anna (D)",1888-1976,570
"Hendrich, Carl Christian, zdl (D)",1837-1894,571
"Hendrich (Jr.), Carl Chr., zdl (D)",1878-1964,572
"Hendriks, Hein, zdl (N)",1854-1917,573
"Henke, Dorothea (D)",1875-1945,574
"Henking, H., zdl (Zwits.)",1884-1962,575
"Hennemann, Johann Ph., zdl (D)",1835-1913,576
"Hensgen, Paul, zdl (D)",1879-1918,577
"Hering, F.W. zdl (D)",1899-1942,578
"Herling, Wilhelm. zdl (D)",1874-1912,579
"Hermann, Carl Richard, zdl (D)",1869-1905,580
"Hermann, Friederike L. (D)",1879-1916,581
"Herrmann, C.T., zdl (D)",1808-1851,582
"Hes, Joh. Cornelia, ond. (N)",1884-1951,583
"Heuschmann, zr. Marie (D)",1898-1964+,584
"Heusdens, H.C., zdl (N)",1904-1942,585
"Heuvel, M van den (N)",,586
"Heyer, Philipp Jakob, zdl (D)",1807-,587
"Hibbard, Rev. Elisha R. (VS)",-1945+,588
"Hiebink Rooker, J., zdl (N)",1866-1943,589
"Hijkoop, Maarten Wl., diakon (N)",1885-1981,590
"Hildering, ds. H.A.C. (N)",1898-1986,591
"Himmelmann, J.H., zdl(D)",-1841,592
"Hiorth, F.W. (GB?)",,593
"Hippenstiel, Ludwig, zdl (D)",1971-1945,594
"Hissink, Jac. Assuerus (N)",1880-1941,595
"Hoefman, Roelf (N)",1900-1979,596
"Hoekendijk, C.J., zdl (N)",1873-1948,597
"Hoekendijk, zr. Marg. Louisa (N)",1902-1935,598
"Hoeksema, Auktje, ond. (N)",1908-±2000,599
"Hoekstra, arts G.J. (N)",1907-1987,600
"Hoefen/Höfen, Carl L.A., zdl (D)",1817-1890,601
"Hoezoo, Wessel, zdl (N)",1826-1896,602
"Hoffmann, Martha (D)",1899-1975,603
"Hoffmann, Wilhelm (D)",1868-1920,604
"Hofman, zr. L. (N)",1902-,605
"Hofman, Ph.H.C., zdl (N)",1876/7-1919,606
"Hofmeister, Ernst Eduard (D)",,607
"Hogerwaard, T. zdl (N)",1908-1972,608
"Holland, Ms. A.J. (VS)",,609
"Hollander, zr. H.H.B. (N)",1907-2000,610
"Holmberg, Ms. Hilda. C. (VS)",,611
"Holtz, F.W., zdl. (D)",1799-1843,612
"Homan, M., ond. (N)",1899-1991,613
"Hondius, mw. M.M., ond. (N)",1904-1964,614
"Hooft, L.K. van 't, arts (N)",1884-1938,615
"Hoogstraten, ds. S.A. van, zdl (!) (N)",1896-1945,616
"Hoppe, Erwin, zdl (D)",1906-1988,617
"Hoppe, F.W.H., zdl (D)",1892-,618
"Hörchner, mw. J. G., arts (N)",1905-1995,619
"Horley, Rev. Wm. Edw. (VS)",1870-1931,620
"Horn, E.B.G. (Georg), ond., (D)",1888-1971,621
"Horn, H.A. (VS)",,622
"Horn, Siegfried H.V. (D)",1908-1993,623
"Hörsch, zr. M. (Zwits.)",1900-1983,624
"Horst, F.C. van der, arts (N)",1903-1977,625
"Horstman, Reginus Joh., zdl (N)",1856-1924,626
"Houter, J.P.D. den, zdl (N)",1871-1903,627
"Höveker, J.E., zdl, (N)",1798-1873,628
"Hoven van Genderen, G. vd, zdl, (N)",1915-1985,629
"Höweler, dr. Th.A.H., arts (N)",1907-1994,630
"Howell, Ms. Mary E. (VS)",,631
"Huber, J., zdl (Zwits.)",1885-1951,632
"Hübert, Johann, zdl. (Rusland)",1864-1944,633
"Hudel, Ernst, zdl (D)",1903-1996,634
"Hueting, André, zdl (N)",1868-1961,635
"Huisingh, S., zdl (N)",1848-1902,636
"Huisman, zr. K. (N)",,637
"Huitema, mw. dr. W., arts (N)",1907-1990+,638
"Hulleman, zr. A.M., diakones (N)",1898-1985,639
"Hulman, zr. A.F.G. (N)",na 1956,640
"Hulman, Maria Antonia (N)",1881-1963,641
"Hulstra, A., zdl (N)",1865-1940,642
ongehuwd gebleven?,,643
"Hulzebos, zr. E., diakones (N)",1870-1945,644
"Hungerford, E.K.G. (Austr.)",,645
"Hupe, Johann Michael Carl, zdl (D)",1818-1861,646
"Hupperts, Johann G., zdl (D)",1812-1859,647
"Huvers, zr. H.J., diacones (N)",1897-1978,648
"Hutchinson, Maude (VS)",,649
"Huysingh, David (N)",1855-1904,650
"Iken, zr. Alida (N)",1890-1931,651
"d.v. J. Iken, geb. Depok, † Btv",,652
"Iken, J., zdl (N)",1881-1944,653
"Illing, Helmut, zdl (D)",1907-1979,654
"Ingham, E. (GB)",,655
"Ingwersen, ds. H.Ph. (N)",1878-1950,656
"Iperen, zr. Cornelia van (N)",1894-1997,657
"Irle, Heinrich, zdl (D)",1906-1983,658
"Irle, Tillman E., zdl. (D)",1848-1921/2,659
"Israel, Johan H.Chr., zdl (N)",1850-1935,660
"Jackson, Fred C. (VS)",-1942,661
"Jacobs, Johan Gerard R. (N)",1860-1920,662
"Jaesrich, G. (D), zwm (D)",-1866,663
"Jaffray, Margaret (Canada)",1907-1959,664
"Jaffray, Robert A. (Canada)",1873-1945,665
"Janfrüchte, E., zdl (D)",1844-1923,666
"Jansen, Arnoldus Hendrik (N)",-1931,667
"Jansen, Gerben Jacob, ond. (N)",1895-1944,668
"Jansen-v Engelen, M.B. (N)",1911-1977,669
"Jansen Klomp, G.H., diakoon (N)",1886-1952,670
"Jansen Schoonhoven, L., zdl (N)",1905-1984,671
"Jansz, Cornelis Pieter, ond. (N)",1886-1973,672
"Jansz, Pieter, zdl. (N)",1820-1904,673
"Jansz, Pieter Anthonie, zdl (N)",1853-1942/5,674
"Jaspers, G. arts (N)",,675
"Jellesma, J.E., zdl (N)",1816-1858,676
"Jenken, zr. Geertruida W.G. (N)",1902-1959,677
"Jens, F.J., zdl (N)",1889-1944,678
"Jens, K.Th., zdl (N)",1893-1974?,679
"Jens, W.L., zdl (N)",1849-1925,680
"Jens(s)en, Ch. (Skand.)",,681
"Jenssen, N. (Skand.)",,682
"Jeschawitz, Horst, zdl (D)",1901-1975,683
"Johannissen, S. (Skand.)",,684
"Johannsen, Peter Hinrich, zdl (D)",1839-1898,685
"Johannsen, Peter, arts (D)",1894-1950,686
"Jong, zr. Geertje de (N)",1911-1998,687
"Jong, Gjalt de, ond. (N)",1900-1987,688
"Jong, dr. Jan Pieter de, arts (N)",1901-1976,689
"Jong, Leentje de (N)",1894-,690
"Jong, zr. T. de (N)",1894-,691
"Jonge, mw. dr. J.A. de, arts (N)",1892/3-1978,692
"Jonkman, H., ond. (N)",1893-1957,693
" Joost, R.P.A.Ch. van, arts (N)",1902-1943/5,694
"Jordan, Karl-Heinz (D)",1911-1994,695
"Joustra, Meint, zdl (N)",1871-1926,696
"Juda, E.E., arts (N)",,697
"Judge, Bernard (Austr.)",1879-1959,698
"Juffernbruch, Fred., zdl (D)",,699
"Jung, Georg Johannes, zdl (D)",1862-1914,700
"Jungmichel, J.C., zdl (D)",1787-1843,701
"Jüngst, A. (D)",1860-1921,702
"Jürgens, Johannes, zdl (D)",1887-1952,703
"Juutilainen, H. (Finland)",,704
"Kaal, Hermanus, ond. (N)",1902-1988,705
"Kabelitz, H.K.O., zdl. (D)",-1929,706
"Kaiser, Herrmann W.F., zdl. (D)",1869-1953,707
"Kaiser, Wilhelm, zdl (D)",1904-1989,708
"Kal, E.Th., arts (N)",1911-1966,709
"Kam, Joseph, zdl/pred. (N)",1769-1833,710
"Kamma, dr. F.C., zdl (N)",1906-1987,711
"Kammann, Wilhelm, zdl (D)",1909-1942,712
ongehuwd gebleven?,,713
"Kamp, zr. Frieda (D)",1888-1964,714
"Kamp, Friedrich W., zdl. (D)",1853-1928,715
"Kamps, J.D., zwm (N)",1842-1871,716
"Kappner, Emil Oskar, zdl (D)",1878-1934,717
"Karbe, F.W., zdl (D)",1793-1828,718
"Karelse, ds. Jacobus (N)",1900-1995,719
"Kate, B. Berends ten, ond. (N)",1882-1938,720
"Kate, zr. H.F. ten (N)",1894-1980,721
"Kate, Marius Anne ten, ond. (N)",1893-1979,722
"Kate, Pieter ten, zdl (N) † 29-11-18",1880-1918,723
"Kate, zr. P.F. ten (N)",1904-1995,724
"Kats, Jacob, zdl (N)",1875-1945,725
"Keijser, P. de, zdl (N)",1803/4-1840,726
"Keil, Klara, diakones (D)",±1885-1937+,727
"Kekem, E.G. van, zdl (N)",1902-1971,728
"Kelling, Fr., zwm (D)",1829-1900,729
"Kelling, M., zdl (N)",1863-1912,730
"Kelling, Paul, zdl (N)",1865-1924,731
"Kemp, Margaret (VS)",,732
"Kempen, dr. A.E. van arts (N)",1909-?,733
"Kempers, zr. C., diakones (N)",1900-2000,734
"Kersten, Joh. Gottlieb, zdl (D?)",1860-1900,735
"Kessel, Valentin, zdl (D)",1850-1932,736
"Ketel, dr. Arie Pieter, arts (N)",1894-1971,737
"Keuch, Wilhelm, zdl (D)",1903-1930,738
"Keuchenius, ds. Adr. François (N)",1895-1944,739
"Keulemans, zr. A.F.C. (N)",1912-2006,740
"Keyser, P., zdl (N)",1801/2-1940,741
"Kieft, Nicolaas, zdl (N)",1897-1942/5,742
"Kienlein, Heinrich, zdl (D)",1876-1929,743
"Kijftenbelt, F., zdl (N)",1835-1908,744
"Kijne, I.S., zdl (N)",1899-1970,745
"Kime, Dallas Spencer (VS)",1889-1985,746
"Kind, Fr. Chr. Wilhelm, zdl (D)",1830-1859,747
"Kiss, Andreios von, arts (Hong.)",,748
"Kissing, Margarete (D)",1905-1998,749
"Klaassen, Johann, zdl. (Rusland)",1872-1950,750
"Klaassen, zr. Maria (D)",1906-,751
"Klaassen, Thomas Fred., zdl (N)",1836-1871,752
"Klaiber, J., zdl (Zwits.)",1896-1962,753
"Klaiss, Johannes, ond. (D)",1905-1962,754
"Klammer, J. Carl, zdl. (D)",1826-1919,755
ongehuwd gebleven,,756
"Klappert, Erich, zdl (D)",1908-1982,757
"Klarenbeek, W.N., zdl. (N)",1888-1945,758
"Klaus, Armin V. (VS)",,759
"Klaver, Piet (N)",1890-1970,760
"Klaveren, Richard D. van (VS)",,761
"Klein, zr. Elisabeth (N)",1905-,762
"Kleine, Heinrich de (D)",1901-1970,763
"Kleinjan, D.J., timmerman, smid (N)",1883-1915,764
"Kleyn, dr. L.J., arts (N)",1908-1944,765
"Klift, H. van der, zdl (N)",1885-1952,766
"Klijnstra, Wolke, zdl (N)",1864-1907,767
"Klinkert, H.C., zdl. (N)",1829-1913,768
"Knecht, P. (Zwits.)",1793/4-1823,769
"Ködding, Mathilde (D)",1878-1951,770
"Ködding, Wilhelm, zdl (D)",1837-1897,771
"Koelewijn, Dirk, ond. (N)",1869-1936,772
"Koene, zr. Agatha Maria (N)",1909-,773
"Koeverden Brouwer, G.H. v,an (N)",1905-1953+,774
"Kok, A., zdl (N)",1885-1970,775
"Kok, Dirk, zdl (N)",1890-1944,776
"Kolk, Jan Christoffel, zdl (N)",1908-1987,777
"Kölling, W.J. (D)",,778
"Kombrink, zr. M. (N)",-1974,779
"Könemann, Willem, zdl (N)",1905-1964,780
"Kooi, zr. Ietje (N)",1906-,781
"Kooistra, A., zdl (N)",1894-1969,782
"Koole, Jacob, ond. (N)",1897-1944,783
"Koomen, P. de, ond. (N)",1890-,784
"Koops-Veldkamp, ny. zr. C. (N) ",,785
"Korvinus, Hinka Laura, ond. (N)",1913-1987,786
"Korvinus, ds. L.W. (N)",1910-1975,787
"Koster, Johan Philip Daniel, zdl (N)",1829-1864,788
"Kraemer, dr. H. (N)",1888-1965,789
"Krafft, dr. A.J.C., ond. (N)",1892-1964,790
"theoloog, historicus, geograaf",,791
"Kramer, Friedrich, zdl (D)",1844-1920,792
"Kranz, Sophie P. (D)",-1896,793
"Krautschick, A.I. (D)",,794
"Kreck, Fritz, zdl (D)",1905-1982,795
"Kreemer, J., zdl (N)",1844/5-1907,796
"Krieg, Elfriede, ond. (D)",1889-> 1952,797
"Krijger-Hulleman, A.M., zie Hulleman, A .M.",,798
"Krijger, ds. L.P. (N)",1884-1977,799
"Krijger, D.H., verpleger (N)",1893-1987,800
"Kroeskamp, dr. H., ond. (N)",1897- 1977,801
"Kroeze, zr. Grietje Rensina (N)",1903-2005,802
"Kroh, Paul, zdl. (D)",1897-1981,803
"Kronshage, zr. Antonie (D)",1884-,804
"Kruit, zr. Petr. van der (N)",1897-,805
"Kruijver, zr. Maartje (N)",1894-,806
"Krul, P., zdl (N)",1878-1945,807
"Krumm, Ewald F. (D)",1866-1903,808
"Krüsmann, F.W., zdl (D)",-1837,809
"Kruyt, A., zdl (N)",1860-1916,810
"Kruyt, dr. Alb.C., zdl (N)",1869-1949,811
"Kruyt, D.J., diakones (N) ",1882-,812
"Kruyt, H.C., zdl. (N)",1862-1922,813
"Kruyt sr., J., zdl (N)",1835-1918,814
"Kruyt jr., J., ond., zdl (N)",1893-1978,815
"Kruyt, mw. J. (""Asje""), arts (N)",1910-1974,816
"Kruyt, zr. Maria (""Miep"") (N)",1911-1953,817
"Kübler, Otto, zdl-koopman (D)",1874-1935+,818
"Kuckel, Elise, ond. (D)",1893-1990,819
"Kühnen, Carl Rudolf, zdl. (D)",1865-1935,820
"Kühnle, F., zdl (D)",1887-1959,821
"Kuiper, ds. G.D. (N)",1903-1974,822
"Kuipers, ds. Thomas (N)",1890-1945,823
"Kuyper, zr. Joh. Hendrika (N)",1875-1948,824
"Lagemann, Heinrich, zdl (D)",1851-1933,825
"Lambooij, ds. Pieter J. (N)",1896-1983,826
"Lambregtse, zr. J., diakones (N)",,827
"Lammers, L., zdl (N)",-1824,828
ongehuwd gebleven,,829
"Lampmann, Heinrich, zdl (D)",1880-1967,830
"Lamprecht, mw. E. (D)",1910-,831
"Land, G., zdl (N)",1866-1942+,832
"Land, zr. (N).",,833
"Landgrebe, Johann Paulus, zdl (D)",1873-1944,834
"Landwehr, August (D)",1864-1912,835
"Lange, Adrianus de, zdl (N)",1842-1910,836
"Langenbruch, zr. Marta (D)",1907-1971,837
"Langenmann, Marie (D)",1880-1966,838
"Langeveld, Joh. Martinus, zdl (N)",1909-1990,839
"Langeveld-Steller, Amanda A.C. (N)",1905-1994,840
"Lasschuit, H., zdl (N)", 1878-1949,841
"Lategahn, Carl, zdl (D)",1862-1943,842
"Latsch, Karl, zdl (D)",1884-1940,843
"Lau, Frieda (D)",1892-1949,844
"Lee, Rev. Edwin Ferd. (VS)",1884-1948,845
"Leersum, C.P. van, arts (N)",1901-1970,846
"Leij, Siebe van der, arts (N)",1867-1938,847
"Leipoldt, Chr. Friedrich, zdl (D)",1844-1911,848
"Lenk, zr. K. (D)",1886-..,849
"Lenn, Paul R. (C.Y. Lam, China)",±1905-,850
"Lenz, Ludwig Wilhelm, zwm (D)",1823-1856,851
ongehuwd gebleven,,852
"Lenz, zr. Regina (D)",1893-1980,853
"Lergon, Luise (D)",1852-1924,854
"Le Roy, J.E. (Anna) (VS)",,855
"Lett, August, zdl (D)",1861-1909,856
"Letteboer, J.H., zdl (N)",1871-1929,857
"Leung, T.K. (China)",±1905-,858
"Leussen, Chr.J. van, arts (N)",1896-1975,859
"Lever, mevr. (N)",,860
"Lewandowsky, Ed. H., zdl (D)",1870-1900,861
"Liefde, C.J. van de, zdl (N)",1836-1898,862
"Limburg, A., ond. (N)",1860-1924,863
"Linde, Sybolt van der, zdl (N)",1902-1995,864
ongehuwd gebleven,,865
"Lindeboom, Lucas B., arts (N)",1907-1981,866
"Linden, J.C. ter, zie Terlinden",,867
"Linden, Corn. Dor. van der, zwm (N)",1829-1855,868
ongehuwd gebleven,,869
"Linden, D.J. van der, zdl (N)",1837-1885,870
"Linden, ds. J. van der (N)",1907-1998,871
"Linden, zr. M. van der (N)",,872
"Linemann, F.H., zdl (D)",1815-1883,873
"Link, Andreas (D)",1871-1938,874
"Link, Wilhelm, zdl (D)",1902-1958,875
"Linn, C.Y. (Jason S.) (China)",1903-1973+,876
"Lock, zr. M.W. (N)",1885-1969,877
"Lodder, dr. Johannes, arts (N)",1900-1959,878
"Loeff, H.A., zdl (N)",1878-1960,879
"Loewenstein, Hermann (D)",1898-,880
"Loggen (sic), zr. Grada R. Gesina (N)",1870-,881
"Lombeck, August H., zdl (D)",1868-1941,882
"Looijenga, Martha (N)",1883-,883
"Loois, H., verpleger (N)",1884-1944,884
"Loosdrecht, A.A. van de, zdl (N)",1885-1917,885
"Loots, zr. M., diacones (N)",1889/0-1983,886
"Lörcher, W., zdl (Zwits.)",1900-1982,887
"Lötz, Carl, zdl (D)",1877-1932,888
"Louis, Maria, ond. (D)",1866-,889
"Louwerier, D., zdl (N)",1871-1932+,890
"Louwerier, J., zdl (N)",1840-1933,891
"Löwen, Peter, zdl. (Rusland)",1894-1955,892
"Lück, Albert, (D)",1886-1942,893
"Luijendijk, ds. P.J. (N)",1907-1985,894
"Luijke (Luyke) W., zdl (N)",1796/7-1886 NZG,895
"Luinenburg, mw. D., ond. (N)",1902-,896
"Luinenburg, O. (N)",1899-,897
"Luinenburg, S., zdl (N)",1874-1959,898
"Luitjes, Tjerk (N)",1907-1989,899
"Lukkien, E.W. (N)",1893-,900
"Lyman, Henry, zdl (VS)",1809-1834,901
"Maan, G., zdl (N)",1869-1954,902
"Mansell, Rev. Harry B. (VS)",1882-1956,903
"Marcks, Otto, zdl (D)",1875-1937,904
"Marle, T.G. van, arts (N)",1874-,905
"Marsh, Lilian Frences (GB)",-1964,906
"Marstaller, zr. Emilie (Zwits.)",1911-1985,907
"Martin, Karl Alfred, zdl (D)",1897-1971,908
"Mason, Emily Joy (Canada)",1901-1970,909
"Mattern, A., zdl. (D)",1806/7-'42,910
"Matthes, dr. Benjamin Fred. (N)",1818-1908,911
"Matthews, Joseph B., ond. (VS)",1894-1966,912
"Mayer, zr. Elisabeth (D)",1904-1951,913
"McFerren, Rev. D.D. (VS)",,914
"Means, Rev. Paul Banwell, ond. (VS)",1894-1980,915
"Medhurst, Walter H., zdl (GB)",1796-1857,916
"Meelhuysen, zr. M.W. (N)",1916-1979,917
"Meerwaldt, Jac. Henr. sr., ond. (N)",1854-1920,918
"Meerwaldt, Jac. Hendr. jr. (N)",1887-1967,919
"Meeuwig, Joh. Hermanus, zdl (N)",1839-±1923,920
"Meijer, zr. J.M.J. (N)",-1994+,921
"Meijerink, H.J.W.A., ond. (N)",1884-1959,922
"Meijwes (Meeuwes), Jan (N)",1864-1955,923
"Meinders, zr. Elisabeth (N)",1894-1962,924
"Meinefeld, Jutta (D)",1903-1990,925
"Meis, Carl Wilhelm, zdl (D)",1867-1922,926
"Meisel, Richard, zdl (D)",1872-1946,927
"Meltzer, John Clinton, zdl (VS)",1906-1994,928
"Menzel, Gustav, zdl (D)",1908-1999,929
"Merkelijn, ds. Aart (N)",1878-1943,930
"Mertin, zr. Hedwig (D)",1896-1955,931
"Merwart, mw. Ph.A.M., ond. (N)",1889-1943/5,932
"Metz, Judicus, zdl (N)",1867-1944,933
"Metzler, Anna Elisabeth (D)",1885-1985,934
"Metzler, Wilhelm, zdl (D)",1847-1935,935
"Meyer/Meijer, dhr. G. (N)",,936
"Meyer, zr. Gesina Johanna (N)",1898-,937
"Meyer, zr. J.M.J., zie Meijer ",,938
"Meyer, Otto, zdl (D)",,939
"Michaelis, Johann L., zwm (D)",±1828-1866,940
"Michaelis, Oskar Paul, arts (D)",1907,941
"Michel, Johannes K.K., zdl (D)",1850-1915,942
"Michel, Wilhelm, zdl (D)",1908-1968,943
"Mickelson, Einar, zdl (VS)",,944
"Middelkoop, dr. Pieter (N)",1895-1973,945
"Midtbö, Vincent (Skand.)",1922-1944,946
"(Zie Synneva Vestheim, Alle dager)",,947
"Miedema, drs. C. J., ond/verpl. (N)",1908-1994,948
"Miedema, Jelle, arts (N)",1897-1978,949
"Miedema, K., zdl (N)",1904-1959,950
"Miesen, J.H.W. van der, zdl (N)",1873-1936+,951
"Mikat, Anna (D)",1885-1969,952
"Milne, William, zdl (GB)",1785-1822,953
"Mindermann, Brüne, zdl (D)",1872-1960,954
"Minkhorst, J.H., ond. (N)",1894-1943,955
"Mitchell, Hubert. (VS)",1907-1995,956
"Mittelstädt, Kurt E. (D)",1901-1984,957
"Miyahira, Shusho/Hidemata (Jpg)",1904-1976,958
"Mobach, Tjebbe, ond. (N)",1890-1983,959
"Moens, Hendrik P., zwm (N)",1831-1882,960
"Mohri, August (D)",1835-1897,961
"Mol, zr. Gerritje (N)",1873-1929,962
"Mol, Pieter Gerrit (N)",1878-1907,963
"Mol van Otterloo, A. de,(N)",1893-1965+,964
"Mollema, G.W.M., zdl (N)",1903-1950,965
"Möller, Daniel (D)",1879-1954,966
ongehuwd gebleven? ?,,967
"Möller, Friedrich (D)",1907-1982,968
"Möller, Julius, arts (D)",1884-1942,969
"Momeyer, August (D)",1868-1941,970
"Mooy/ij, Jacoba, ond. (N)",,971
"Morken, David E. (VS)",1910-2003,972
"Mosche, C.F.F. (D), zwm (D)",1840-1868,973
"Motte, Georges (Belgia)",±1900-1971+,974
"Mouw, J. Arthur, zdl (VS)",1903-1987,975
"Mühlnickel, J.G. Adolph, zwm (D)",1822-1897,976
"Mühlnickel, August, zwm (D)",1826-1859,977
"Muijs, zr. Hendrika Cornelia (N)",1901-1995,978
"Muis, J.J., zdl (N)",1868-1945,979
"Mulder, J., ond. (N)",,980
"Muller, D., zdl (Zwits.)",1777/8-1826,981
"Muller, Marinus Gerard, arts (N)",1894-1981,982
"Müller, Eduard, zdl (D)",1879-1937+,983
ongehuwd gebleven?,,984
"Müller, H., zdl (D)",1866-1923+,985
ongehuwd gebleven,,986
"Müller, H., zdl (N)",,987
ongehuwd gebleven,,988
"Müller, H. zdl (Zwits.)",1895-,989
ongehuwd gebleven?,,990
"Müller, W., zdl (D)",1898-1934,991
"Müller, Wilhelm, zdl (D)",1878-1942,992
"Müller, Wilhelm, zdl (D)",1905-1976,993
"Müller-Krüger, dr. Th. (D)",1902-1980,994
"Munk, Jan Carel, ond. (N)",1881-1928 ,995
"Munnik, Franciscus de, zdl (N)",1865-1938,996
"Munson, Albert (VS)",1890-1979,997
"Munson, Melvin (VS)",1889-1961,998
"Munson, Ralph Waldo (VS)",1840-1934,999
"Munson, Samuel, zdl (VS)",1804-1834,1000
"Munters, zr. Nic. Helena (N)",1909-,1001
"Muyen/Muijen, zr. Maria van (N)",1892-1988,1002
"Muylwijk, J. van, zdl (N)",1881-1945,1003
"Muylwijk, zr. Joh. Adr. Maria (N)",1903-,1004
"Muijs/Muys, zr. Hendr. Clasina (N)",1901-,1005
"Myers, Ms. Mary, ond. (VS)",1866-,1006
"Nachtigal, Peter, zdl. (Rusland)",1881-1928,1007
"Nauta, H.J., ond. (N)",1881-1945,1008
"Neef, A.J. de, zdl (N)",1892-1948,1009
"Needham, Hester (GB)",1843-1897,1010
"Neef, N. de, ond. (N)",1884-1974,1011
"Nes, ds. C. van (N)",1906-1988,1012
"Netelenbos, ds. Lambertus (N)",1876-1955,1013
"Netelenbos, zr. Wilh. Hendr. (N)",1879-1964,1014
"Neubronner, zie Tuuk, van der",,1015
"Neumann, J.H., zdl (N)",1876-1949,1016
"Neumann, Margarethe (D)",1869-,1017
"Nevius, Elbert S. (VS)",1808-1897,1018
"Nieboer, zr. Hilke (N)",1899-1996,1019
"Nicholls, Ms. Lee Edna (VS)",1880-1951? ,1020
"Nielsen, Clara, ond. (D)",1910-1993,1021
"Niemann, Edward Ward (D)",1908-1999,1022
"Niemann, Lisette (D)",1850-1921,1023
"Niephaus, Heinrich, zdl (D)",1875-1933,1024
"Niet, mr. Maarten de (N)",1904-1979,1025
"Niet, zr. Maria Adriana de (N)",1897-1989,1026
"Niet, G.D.W. te, zwm (ond.) (N)",1825-1905,1027
"Nieuwenhuizen, zr. C.W. van (N)",,1028
"Nijenhuis, J.H.D., zdl (N)",1893-1944,1029
"Nikkel, Gerhard, zdl. (Rusland)",1861-1932,1030
"Niks, J.F., zdl (N)",1843-1930,1031
"Noll, Johannes, zdl (D)",1869-1954,1032
"Nommensen, Ingwer L., zdl (D)",1834-1918,1033
"Nommensen, Jon. Tim., zdl (D)",1873-1950,1034
"Nonnenberg, Rudolf H.K., ond. (D)",1903-1971,1035
"Noordhoff, G. (O-Friesl.), zdl (D)",1801/2-'42,1036
ongehuwd gebleven?,,1037
"Noordzij, Willem A., ond. (N)",1892-1942/5,1038
"Noort, A.C., ond. (N)",1906-1982,1039
"Noort, Rev. J. van den (VS)",,1040
"Nooy, H.W., zdl (N)",1825-1853,1041
"Noppen, L.M. van, zdl (N)",1887-1943,1042
" Nortier, dr. Adriaan, arts (N)",1885-1940,1043
"Nortier, C.W., zdl (N)",1888-1963,1044
"Noteboom, L., arts (N)",,1045
"Notten, Diederik Theod., ond. (N)",1882-1936,1046
"Nusteeg, zr. A. (N)",1880/1-1964,1047
"Oechsli, Rev. Leonard (VS)",1885-1955,1048
"Oelschlaeger, Ms. Louise (VS)",,1049
"Offringa, Joh., arts (N)",1883-1950,1050
"Ohme, B.O. (D)",1880-1945,1051
"Olesen, Ms. E., ond. (VS)",,1052
"Onvlee, dr. Louis (N)",1893-1986,1053
"Ooms, Antje, ond. (N)",1889-1979,1054
"Oosterhuis, Jan W., arts (N)",1884-1955,1055
"Oosterveen, Harm, arts (N)",1908-1944,1056
"Orlopp, zr. Maria (D)",1901-1994,1057
"Ormel, zr. J.Th. (N)",1913-1961,1058
"Ostrom, Rev. Egon (Swedia)",1903-1945,1059
"Otterspoor, W., zdl. (N)",1840-1869,1060
ongehuwd gebleven,,1061
"Ottow, C.W., zwm (D)",1826-1862,1062
"Ottow, J.C.G., zdl/ond. (N)",1861-1945,1063
"Ottow, M. (N)",1898-1983,1064
"Pakianathan, Solomon Swa­mi­dason ",1881-1962,1065
(geb. in Zuid-India),,1066
"Palm, mw. H.M. (N)",,1067
"Panman, zr. Anna Joh. Helena (N)",1893-1980,1068
"Pape, Franz, zwm (D)",±1833-1874+,1069
"Papendick, Margarete (D)",1884-1960,1070
"Patterson, W.W.m zdl. (VS)",,1071
"Pattison, L.O. (VS)",,1072
"Peddemors, Willem, arts (N)",1906-1997,1073
"Pelzer, zr. Margarethe (D)",1909-1948,1074
"Pennings, Abr., zdl (N)",1875-1966,1075
"Pennings, Ant.A., zdl (N)",1870-1902,1076
"Perdok, Hindrik, zdl (N)",1908-1979,1077
"Perkins, Rev. Raymond G. (VS)",1884-,1078
"Phillips, Joseph Luxford, zdl (GB)",1783-1820,1079
"Piccer, Johanna (N)",1887-1945,1080
"Pichler, Aug. R. Erich, zdl (D)",1883-1965,1081
"Pieper, Adolf, zdl (D)",1882-1929,1082
"Pieron, ds. Alle Fred. Joh. (N)",1908-1944,1083
"zie GZbl 1940, 63",,1084
"Pieters, Jan Hendrik, zdl (N)",1883/4-1978,1085
"Pieters, zr. T. (N)",,1086
"Pijsel, mw. A., arts (N)",1878-1929,1087
"Pik, J., zdl (N)",1881-1955,1088
"Pilgenröder, Adolf, zdl (D)",1869-1949,1089
"Pilgram, Gustav, zdl (D)",1848-1913,1090
"Pilon, Pieter J.J.R.T. arts (N)",1883-1958,1091
"Pinckney, Charles E., arts (VS)",,1092
"Pistor, Paula Bauszat- (D)",1877-1948,1093
"Pistor, Ruth (D)",1905-1997,1094
"Plaum, Wilhelm, zdl. (D)",1905-,1095
"Ploeger, Albertus, zdl (N)",1905-1986,1096
"Ploegman, W.F., ond. (N)",1805-1873,1097
"Poel, J. van der, zdl (N)",1892-1972,1098
"Poensen, C., zdl (N)",1836-1919,1099
"Pohlig, Peter, zdl (D)",1860-1915,1100
"Pohlmann, William J., zdl (VS)",,1101
"Pol, H., zdl. (N)",1898-1972,1102
"Polet, Willem Hendrik (N)",1895-1992,1103
"Pontier, zr. Paulina Johanna (N)",1885-1918,1104
"Poot, A., zdl (N)",1901-1978,1105
"Poppy, Jemima, ond. (GB)",1818-1869,1106
"Por, zr. G. (N)",1888-,1107
"Pos, ds. A. (N)",1888-1971,1108
"Pos, ds. W. (N)",1856/7-1914,1109
"Post, Harry W., zdl (VS)",,1110
"Post, Walter M., zdl (VS)",,1111
"Postema, zr. Etje",1906-,1112
"Postema, zr. Trijntje (N)",1912-,1113
"(GZbl 1939, 255)",,1114
"Poutiainen, Toivo (Finland)",±1900-'38,1115
"Präger-Lenk, zie Lenk",,1116
"Presswood, W. Ernest, zdl (Canada)",1908-1946,1117
"Prins, D.C., zdl (N)",1888-1945,1118
"Prins-Hardeman, B.A., ond. (N)",1888-1967,1119
"Prins, zr. Jantje, verpl. (N)",1890-,1120
"Probst, Karl, zdl (D)",1865-1918,1121
"Proosdij, C. van, arts (N)",1887-1949,1122
"Proud, R. (GB?)",,1123
"Pruijs, dr. Hendrik Simon, arts (N)",1866-1944/5,1124
"Pruijs, Willem Marie, arts (N)",1901-1982,1125
"Pruis, dr. Geert Wl .Adr, arts (N)",1899-1959,1126
"Prüsener, Franziska (D)",1874-1953,1127
"Prussner, A.H., arts (VS)",1884-1947,1128
"Puik, Rijk, ond. (N)",1908-,1129
"Püschel, Agnes A.S., ond. (D)",1887-1961,1130
"Püse, Heinrich, zdl (D)",1841-1920,1131
"Put, Lulof Hendrik, zdl (N)",1911-1956,1132
"Putten, Marius van, ond. (N)",1888-1975,1133
"Pykett, Rev. G.F. (VS)",,1134
"Quentmeyer, Ernst, zdl (D)",1875-1962,1135
"Quistorp, Hanna (D)",1893-1981,1136
"Raatschen, Heinrich, zdl (D)",1901-1945,1137
"Rabeneck, Heinrich, zdl (D)",1875-1939,1138
"Rade, Lisbeth A.D. (D)",1893-1956,1139
"Rado, Tabor, arts (Hongaria)",1893-1926+,1140
"Ramaker, D. (N)",1890-,1141
"Randwijck, S.C. Graaf van (N)",1901-1997,1142
"Raycroft, Ms. Ruby A., ond. (VS)",,1143
"Rebuschat, Gustav, zdl (D)",1905-1984,1144
"Redinger, June E., ond. (VS)",,1145
"Reenen, ds. G.J. van (N)",1905-1964 ,1146
"Reichler, Frieda (D)",1900-1978,1147
"Reichl, zr. Marianne (D)",1913-1950,1148
"Reinartz, Hildegard, ond. (D)",1900-1969,1149
"Reinshagen, Amalie (D)",1862-?,1150
"Reiter, H., zdl (D)",1896-1942,1151
"Reitze, Heinrich, zdl (D)",1862-1938,1152
"Renes, G.J., arts (N)",1914?-1986?,1153
"Renes, Jan, ond. (N)",1899-1970,1154
"Renken, Anton, zdl (D)",1859-1928,1155
"Reynhout, J., ond. (N)",1899-1997,1156
"Richert, zr. Susanna (Rusland)",,1157
"Richter, W. (D), zwm (D)",1823-1885,1158
"Riedel, J.F., zdl (D)",1798-1860,1159
"Riedel, Karl (D), zdl",1892-1953,1160
"Rienecker, Pauline Helene (D)",1876-1922,1161
"Rihs, Arnold, zdl (Zwits.)",1907-1981,1162
"Rijkhoek, Daniël, zdl (N)",1887-1970,1163
"Rijkhoek, Jannetje Maria (N)",1894-1974,1164
 (Jean­nette),,1165
"Rijn, Christiaan van, zdl (N)",,1166
"Rinck, zr. Wilh. Chr. (N)",1905-,1167
"Rinnooij, Nicolaas, zdl (N)",1841-1913,1168
"Ritsema, J., zdl (N)",1884-1950,1169
ongehuwd gebleven,,1170
"Rittich, Robert (D)",1892-1973,1171
"Robinson, William, zdl (GB)",1784-1853,1172
"Röder, H., bouwkundige (D)",1901-1970,1173
"Roepman, zr. Elizabeth Maria (N)",1880-,1174
"Roest Jr, C. van der, drukker (N)",1874 -1926,1175
"Roest, J.L.D. van der, zdl (N)",1867-1950,1176
"Rohde, Eleonora C. (VS)",1891-1970? ,1177
"Rolff, zr. C.W., diacones (N)",1885/6-1976,1178
"Rooker, Hessel, zdl (N)",1830-1915,1179
"Rooker, J.H. zie Hiebink R.",,1180
"Roorda van Eysinga, zr. H.J. (N)",1903-1996,1181
"Roose, zr. Corn. Mart., diacones (N)",1881-1961,1182
"Rooseboom, Jacominus Arn., zdl (N)",1901-1971,1183
"Rooy, zr. M.J. de (N)",,1184
"Rosenlund, Edward (Finland)",-1939,1185
"Roskes, J.W., zdl (N)",1843-1918,1186
"Roskott, B.N.J., ond. (D)",1811-1873,1187
"Roslund, mw. N.A.K., vroedvrouw (Skand.?)",,1188
"Rott, Ferdinand, zdl (D)",1823-1859,1189
"Röttger, E.H., zdl (D)",1801-1852+,1190
"Royer, dr. G., arts (N)",1889-1958,1191
"Rübcke, Elly (D)",1905-2001,1192
"Ruden, C.L., zdl (D)",1808-1842,1193
"Rudersdorf, Otto, zdl (D)",1869-1952,1194
"Ruijssenaers, ds. Gerrit Joh. (N)",1875-1907,1195
"Ruijter, H. H. de, diakones (N)",1867-1936,1196
"Russmann, Annemarie (D)",1868-..,1197
"Rutgers, Jacqueline C. (N)",1874-1951,1198
"Rutgers, Jeremina Fred., ond. (N)",1882-1964,1199
"Ruth, E. Naomi (VS)",,1200
"Rutkowsky, Alfred, zdl (D)",1908-2002,1201
"Ruttink, H.C.G., zdl (N)",1876-1958,1202
"Ruysch v Dugteren, E.M.H., zdl (N)",1886-1915,1203
"Saathof, Daniël, ond. (N)",1895-1957,1204
"Sadler, Ms. E. (VS)",,1205
"Sande, Andrew, zdl (VS)",-1942,1206
"Sandell, zr. Anna Amelia (VS)",1875-1942,1207
"Sander, zr. Adriana Clasina (N)",1901-1973,1208
"Sartor, Edmund, zdl (D)",1883-1941,1209
"Savornin Lohman, jkvr. zr. Eli­sa­beth Johanna de (N)",1903-Mei '45,1210
"Schaafsma, A.O., zdl (N)",1830-1896,1211
"Schaafsma-de Jong, H., ond. (N)",1859-1923,1212
"Schächter, Martha (D)",1896-1989,1213
"Schärer, dr. Hans, zdl (Zwits.)",1904-1947,1214
"Scheffer, zr. Y. (N)",1901-'66[?],1215
"Scheffler, Johanna Bertha (D)",1883-,1216
"Schekelmann, zr. Sophie (D)",1906-1990,1217
"Schelfhorst, F., zdl (N)",1872-1942/5,1218
"Schell, H.E.R. (VS)",,1219
"Schelven, Maria Johanna van (N)",1882-1934,1220
"Schepper, mr. dr. J.M.J. (N)",1888-1967,1221
"Schernus, Martin (D)",1879-1933,1222
"Scherrer, J.E.E., zdl (Zwits.)",1889-1964,1223
"Scheurer, Jan Gerrit, arts (N)",1864-1928,1224
"Schildmann, Ewald, zdl (D)",1910-1989,1225
"Schilstra, Sybren, zdl (N)",1840-1909,1226
"Schlipköter, Emil, zdl (D)",1879-1965,1227
"Schlipköter, zr. F. (D)",1872-1920,1228
"Schmid, Fr. (Zwits.)",1892-1950,1229
"Schmiedeskamp, mw. A., ond. (D)",1893-1959,1230
"Schmidt, Friedrich (D)",1868-1936,1231
"Schmidt, Isaac Chester (VS)",1887-1978,1232
"Schmidt, Johannes C.A., zwm (D)",1831-,1233
"Schmidt, R., zdl (D)",1909-1960,1234
"Schmidt, Wilhelm, zdl (D)",1871-1941,1235
"Schmitt, Hermann, zdl (D)",1898-1942,1236
"Schmitt, Lydia (D)",1897-1965,1237
"Schmitz, Johann Gerhard (N)",1880-±1940,1238
"Schnatbaum, Wilhelm, zdl (D)",1887-1961,1239
"Schneider, Alfred (D)",1905-1992,1240
"Schneider, Friedrich G., zdl (D)",1880-1965,1241
"Schneider, G.J., zdl (D)",1890-1942,1242
"Schneider, Robert, zdl (D)",1884-1961,1243
"Schniepp, zr. Lydia E. (D)",,1244
"Schoch, M.L.W., diakones (N)",1876-1962,1245
"Schoepe, Walter, ond. (D)",1903-,1246
"Scholten, G.H. zdl (N)",1884-1926,1247
"Scholten, G.J. arts (N) (zv H.H. Sch.)",±1910-1939,1248
"Scholten, Hindrik Henderikus (N)",1881-1944,1249
"Schot, C.G., zdl (N)",1827-1874,1250
"Schrey, Johannes, zdl (D)",1852-1927,1251
"Schreiber, August W., zdl (D)",1839-1903,1252
"Schreiber, Chr., zdl (D)",1886-1965,1253
"Schreiber, Fr. Carl, zdl (D)",1886-1963,1254
"Schreiber, Frieda (D)",1877-1951,1255
"Schreiber, Dr. Werner J., zdl (D)",1872-1941,1256
"Schreuder, mw. Ch.H., arts (N)",1911-1966,1257
"Schröder, C.J.M.L. (D), zwm (D)",1830-1885,1258
"Schröder, G.F., zdl (N)",1868-1927,1259
"Schröder, zr. L. (N)",,1260
"Schröder, Willem Frederik, zdl (N)",1889-1969,1261
"Schrok, Herman Corn., arts (N)",1907-1969,1262
"Schuh, B., zdl (Fr.)",1823/4-'62+,1263
"Schuijt, Pieter, zdl (N)",1884-1980,1264
"Schulz, Rudolf U.W., zdl (D)",1893-1984,1265
"Schumann, Rudolf, zdl (D)",1882-1948,1266
"Schuringa, zr. M. (N)",1892-1986,1267
"Schuringa, zr. S.J. (N)",1900-1983,1268
"Schut, J.A.F., zdl (N)",1871-1931,1269
"Schütz, Philipp Chr., zdl (D)",1838-1922,1270
"Schuurman, dr. B.M., zdl (N)",1889-1945,1271
"Schuurman, zr. M. (N)",1892-1977,1272
"Schuurmans, J., zdl (N)",1896-1963,1273
"Schuurmans, Nic. Dirk, zdl. (N)",1838-1908,1274
"Schwab, Ms. Elsie (VS)",,1275
"Schwartz, Alfred, zdl (D)",1905-1942,1276
"Schwarz, G., zdl (D)",1892-1933,1277
"Schwarz, Joh. Alb. Traugott, zdl (N)",1836-1918,1278
"Schwarz, J.G., zdl. (D)",1800-1859,1279
"Schweflinghaus, Elly (D)",1907-1993,1280
"Schweitzer, H., zdl (D)",1904-1942,1281
"Seely, Philoma R. (VS)",,1282
"Seher, Franz Heinrich, zdl (D)",1864-1925,1283
"Seibel, Frida, ond. (D)",1911-,1284
"Seibold, K., zdl (D)",1887-1965,1285
"Senk, Paul, zdl (D)",1902-1971,1286
"Shover, Rev. J.C. (VS)",,1287
"Sickinger, O.E., arts (D)",1888-1933,1288
"Siderius, zr. Sara (N)",1891-1971,1289
"Siegler, Helene, ond. (D)",1906-2002,1290
"Siegner, J., zdl (D)",1909-1942,1291
"Siemens, Jakob, zdl. (Rusland)",1876-,1292
"Sigel, Hugo Ferd., arts (D)",1895-1969,1293
"Simon, Gottfried Karl, zdl (D)",1870-1951,1294
"Simon, G., arts (D)",1897-,1295
"Simoneit, August, zdl (D)",1842-1886,1296
"Skadsheim, zie Tunheim",,1297
"Skubinna, Fr. Wilh., zdl (D)",1885-1965,1298
"Slagter, zr. Cornelia (N)",1866-1943,1299
"Slater, John, zdl (GB)",1789-,1300
"Slettenaar, H., arts (N)",1899-1977,1301
"Sloot, Reinder, ond. (N)",1886-1931,1302
"Slotemaker de Bruïne, mw. C. (N)",1900-1987,1303
"Slotemaker de Bruïne, dr. M.C. (N)",1897-1986,1304
"Slotemaker de Bruïne, dr. NAC (N)",1895-1969,1305
"Slump, F., zdl (N)",1896-1972,1306
"Smalbraak, J., arts (N)",1908/9-1998,1307
"Smeding, Hendrik, zdl (N)",1833-1891,1308
"Smit, Gezinus, zdl (N)",1883-1958,1309
"Smit, zr. P., diakones (N)",,1310
"Smit, Wolter Arinus zdl (N)",1906-1976,1311
"Snuggs, Ed. Thom, zdl (GB?)",1860-?,1312
"Soeting, zr. Hill. Pieter­nella (N)",1907-2002,1313
"Solinger, D., zdl (N)",1913-1969,1314
"Spangenberg, zr. J. (D?)",,1315
"Spellenberg, Corn., ond. (D)",1904-...,1316
"Spethmann, Charlotte (D)",1872-1947,1317
"Spiegel, Hendrik van der, zdl (N)",1865-1919,1318
"Spiecker, Wilhelm, zdl (D)",1874-1931,1319
"Spiller, Anna Maria Ruth (Zwits.?)",1907-2000,1320
"Splunder, Jeremias van, zdl (N)",1858-1886,1321
"Spoelstra, mw. A., ond. (N)",-1930,1322
"Sporket, Julius, zdl (D)",1868-1955,1323
"Spreeuwenberg, H., zdl (N)",1907-1951,1324
"Sprenger, Henriette (D)",1866-1918,1325
"Stade, W., zdl (N)",1889-1926,1326
"Stahlie, T.D., arts (N)",1914-2009,1327
"Stam, Pieter, zwm (N)",1822-1889,1328
"Stamer, Rev. John P. (VS)",,1329
"Stap, J.E., zdl (N)",1883-1946,1330
"Starink, J., zdl (N)",1787/8-1828,1331
"Starkey, Earl F., ond. (VS)",,1332
" Starrenburg, D.B., zdl (N)",1880-1946,1333
"Staudt, F.M., ond. (N)",1906-1945,1334
"Staudt-Burmania, mw. R., ond. (N)",1904-2002,1335
"Staudte, Fr. Wilhelm, zdl (D)",1845-1884,1336
"Stauffer, Otto, zdl. (D)",1904-1942,1337
"Steele, William Henry, zdl (VS)",1818-1905,1338
"Steenbergen, Femmie, ond. (N)",1916-1947,1339
"Steenstra, zie Stenstra",,1340
"Stefanski, Ms. Pauline, ond. (VS)",1881-1965,1341
"Stegerhoek, zr. J.E. (N)",1916-,1342
"Steinbrecher, Wilhelm, zdl (D)",1862-1919,1343
"Steingräber, Paul, zdl (D)",1884-1973,1344
"Steinhard, Johannes, zdl (D)",1905-1966,1345
"Steinhart, Willem Leonard, zdl (N)",1898-1982,1346
"Steinmetz, zr. W.H.C. (N)",,1347
"Steinsieck, Wilhelm, zdl (D)",1855-1924,1348
"Steller, mw. Auguste S Steller, ond. ",1900-,1349
"Steller, E.T. (Steller), zwm (D)",1834-1897,1350
"Steller, mr. K.G.F., zdl (N)",1875-1945,1351
"Stelwagen, Uilke, ond. (N)",1900-1965,1352
"Stenstra, Willem Corn., ond. (N)",1884-1928,1353
"Steur, Emile van der (N)",1901-42/5?,1354
"Steur, Joh. Hendrica, zie Mol",,1355
"Steur, Johannes (""Pa"") van der (N)",1865-1945,1356
"Stingel, Otto, zdl (D)",1874-1945,1357
"Stoett, Janna Lucia (N)",1894-1951,1358
"Stokking, Hendrik J., zdl (N)",1878-1928,1359
"Stokkum, Marinus W.Th. v, arts (N)",1881-1958,1360
"Stolk, zr. C.G. (N)",,1361
"Stoové, Hendrik, zdl (N)",1840-1901+,1362
"Storm, G.C., zdl (N)",1894-1941,1363
"Storm, K., zdl (N)",1864-1906,1364
"Strijker, Pietertje, verpl. (N)",1901/5?-,1365
"Strötker, Friedrich, zdl (D)",1863-1930,1366
"Stryker, Isaac, zdl (VS)",-1842,1367
ongehuwd gebleven,,1368
"Stuffers, mw. C., ond. (N)",,1369
"Stuivenga, J.H. (N/VS)",,1370
"Stursberg, Gustav, zdl (D)",1853-1916,1371
"Stuut, zr. Helena Tallina (N)",1898-1988,1372
"Stuut, zr. S. (N)",,1373
"Sullivan, Rev. Floyd H. (VS)",1885/6-,1374
"Sundermann, H.H.W., zdl (D)",1855-1947,1375
"Sundermann, Wilh. H., zdl (D)",1849-1919,1376
"Supper, J.C., zdl (D)",1782-1816,1377
"Sybenga, zr. Tjitske Jantina (N)",1908,1378
"Swaan, W., zdl (VS?)",,1379
"Swanborn, Adr. Jac., ond. (N)",1872-1945,1380
"Swellengrebel, dr. Jan Lod. (N)",1909-1984,1381
"Szasz, Laszlo, arts (Hongaria)",,1382
"Talens, J.P., zdl (N)",1878-1971,1383
"Tanis, J., ond. (N)",1898-1994,1384
"Tauffmann, C.E.W., zwm (D)",1834-1896,1385
"Teasdale, G. (GB/Austr.)",1868-1967,1386
"Teekens, Ofke (N)",1896-1942/5,1387
"Teffer, M., zdl (N)",1827-1907,1388
"Telgte, H.J. ter, verpleger (N)",1895-1942+,1389
"Temming, Auguste (D)",1870-1930,1390
"Tendeloo, H.J., zdl (N)",1830-1902,1391
"Terlinden, J.C., zdl (D) ", 1803-1832,1392
"Tesche, Carl, zdl (D)",1904-2002,1393
"Teutscher, H.J., zdl (N)",1915-1976,1394
"Theis, August, zdl (D)",1874-1968,1395
"Thiele, Alfred Charles F. (D)",1892-1987,1396
"Thiessen, Johann (Rusland)",1869-1953,1397
"Thiessen, Nicolai, zdl (Rusland)",1874-1949,1398
"Thomas, Jost Wilhelm, zdl (D)",1843-1900,1399
"Thomson, Frederick B., zdl (VS)",1809-1848,1400
"Thomson, J. (GB)",,1401
"Thornton, Ms. El., ond. (GB)",,1402
"Tibben, zr. Hendrikje (H)",1887?-1957?,1403
"Tiedeman, zr. N. (N)",,1404
"Tiekstra, Gjalt Bouwes, ond. (N)",1882-1960,1405
"Tiemersma, L., zdl (N)", 1861-1944,1406
"Tiemeyer, Friedrich, zdl (D)",1901-1988,1407
"Tilbury, A.W. (GB)",,1408
"Tilstra, Klaas (N)",1897-1985,1409
"Tjhi Moi-fa, Ms. (China)",±1905,1410
"Tobi, Leonard, zdl (N)",1832-1888,1411
"Toet, zr. J. (N)",1909?-,1412
"Tonsbeek, Johan W. (N)",1884 -1915,1413
ongehuwd gebleven,,1414
"Trommel, H.J., zdl (N)",1905-1981,1415
"Tromp, Heinrich Philipp, zdl (D)",1842-1922,1416
"Trostel, Gustav, zdl (D)",1906-1942,1417
"Trowt, Thomas, zdl (GB)",1784-1816,1418
"Tsang To Hang, zdl (China)",±1905-1979,1419
"Tse, Y.K., zdl (China)",±1905-,1420
"Tuiten, Joh., zdl (N)",1884-1914,1421
"Tuiten, Martinus, zdl (N)",1882-1957,1422
"Tunheim, Petra (Norwegia/VS)",1871-1923,1423
"Tüttermann, Lina (D)",1889-1939,1424
"Tuuk, H. Neubronner van der (N)",1824-1894,1425
ongehuwd gebleven,,1426
"Tuyll v Serooskerken, A.M. v. (N)",1892-1989,1427
"Tweedy, zr. Elis. Arnoldine (N)",1886-1956,1428
"Twijnstra, Hendrik (N)",1892-1945,1429
"Ufer, Conrad, zdl (D)",1871-1953,1430
"Uhlenbusch, H.Fr.W. (D)",1841-1893,1431
"Uittenbogaard, H.M., ond. (N)",1913-1978,1432
"Ulderink, zr. Hendr. Wilh. Joh. (N)",1905-2005,1433
"Ulfers, S. (D), zdl (N)",1818/9-1885,1434
"Underhill, Rev. Carl C. (VS)",,1435
"Urech, Ms. Lydia, ond. (VS)",,1436
"Vaandrig, G., ond. (N)",,1437
"Vahrenkamp, Adele (D)",1864-1929,1438
"Valderpoort, P.G.W., ond. (N)",1892-1942/5,1439
"Valderpoort-Wierts van Coe­hoorn, mw. J.C. (N)",,1440
"Valk, P.C. van der (N)",,1441
"Valk, Theod. August F.. vder, zdl (N)",1828-1874,1442
"Vasseur, Isaak J.W.J. (N)",1891-1972,1443
"Veelen, mw. B.G. van (N)",1908-2001,1444
"Veen, R., arts (N)",1906-1972,1445
"Veen, Gerhardus H.A. vder, zdl (N)",1874-1949,1446
"Veen, dr. H. van der (N)",1888-1977,1447
"Veerenhuis, Gerrit Jan (N)",1879-1946,1448
"Vegt, H.M. van der, arts (N)", ,1449
"Veld, Jan in 't, ond. (N)",1883-1971,1450
"Velde, H. te, arts (N)",1908-1942,1451
"Velden v Capellen, S.D. van der (N)",1820/1-1856,1452
"Velders, mw. W.H. (N)",1912-1993,1453
"Veldhuis, Ruurd, zdl (N)",1893-1944,1454
"Veldstra, Fokke, arts (N)",1896-1965,1455
"Vellekoop, Pieter Nic. (N)",1890-1974,1456
"Vellenga, zr. J.A. (N)",1897-1983,1457
"Verbeet, mw. G., ond. (N)",1886-,1458
"Verdoorn, J.A., arts (N)",1903-1991,1459
"Verhaag, Jacob, zdl (N)",1803-±1880,1460
"Verhagen, Dirk, arts (N)",1890-1961,1461
"Verhoeff Jr., Joh. Jac., zdl (N)",1833-1872,1462
"Verhoeven, J., zdl (N)",1844-1922,1463
"Verkuijl Az, Arie, ond. (N)",1885-1961,1464
"Verkuyl, ds. dr. J. (N)",1908-2001,1465
"Verleur, zr. Magd. Maria Cath. (N)",1900-1987,1466
"Vermaasen, Jan Dirk, zdl (N)",1815/6-1844,1467
"Vermeer, Aart sr., zdl. (N)",1828-1891,1468
"Vermeer, A., jr., zdl (N)",1872-1934,1469
"Vermolen, Willem, ond. (N)",1892-1972,1470
"Versteeg, zr. C. (N)",,1471
"Verveen, Dirk, arts (N)",1903-1977,1472
"Verveen, J.E., arts (N)",1905-1958,1473
"Verwaal, zr. D., diakones (N)",,1474
"Verwiebe, Ernst, zdl (D)",1901-1961,1475
"Vessem, Jac. van, zdl (N)",1901-1991,1476
"Vieker, Wilhelm, zdl (D)",1891-1961,1477
"Viering, mw. Emmi (D)",1903-1988,1478
"Vischer, M. arts (Zwits.)",1895/6-1943,1479
"Visser, Ale, zdl (N)",1837-1861,1480
"Vizjak, Georg (Kroatia)",1871-1937,1481
"Vlis, Chr. Jac. van der, taalk. (N)",1813-1842,1482
"Vogelesang, L., arts (N)",1879-1932,1483
"Volkmann, H. Wilhelm, zdl (D)",1856-1908,1484
"Volmer, Hermann, zdl (D)",1909-1961,1485
"Vonk, A.H., arts (N)",1893-1978,1486
"Vonk, Jan Casper, zdl (N)",1785-1838,1487
ongehuwd gebleven,,1488
"Vonk, W.T., zdl (N)",,1489
ongehuwd gebleven,,1490
"Voogd, Abraham de, zdl (N)",1864-1944,1491
"Voorham, B.A., zdl (N)",1875-1908,1492
ongehuwd gebleven,,1493
"Vos, Herman Cornelis Wilhelm de, arts (N). ~ ongehuwd gebleven?",1903-1942,1494
"Vriend, zr. Geesje (N)",1901-1952+,1495
"Vries, zr. A.C. de (N)",1907-1998,1496
"Vries, Izaak Engelbert de, zdl (N)",1879-1920,1497
"Vries, Jan de. zdl (N)",1885-..,1498
"Vries, Lourens de, zdl. (N)",1869-1960,1499
"Vries, Sytze Jans de, zdl (N)",1838-1899,1500
"Vries, S.S. de, zdl (N)",1876-1949,1501
"Vroom, J. de, zdl (N)",1841-1881,1502
"Vuuren, zr. A.C. van (N)",1902-1974,1503
"Vuurmans, H., zdl (N)",1895-1957,1504
"Waal, zr. Adr. Frederica van de",1906-1990,1505
"Waals, Gerardus van der, zdl (N)",1875-1945,1506
"Wagner, Eduard, zdl (D)",1871-1941,1507
"Wagner, Heintz, zdl (D)",1904-1978,1508
"Wagner, Otto, zdl (D)",1905-1962,1509
"Wagner, Wilhelm, arts (D)",1891-1968,1510
"Wal, Marinus van der, zdl (N)",1835-1904,1511
"Walo, Ms. E. (GB?)",,1512
"Walter, Luitpold, zdl (Zwits.)",1905-,1513
"Wang, Leland (Wang Zaj) (China)",1898-1975,1514
"Wantzlick, Gustav Adolf (Austr.)",1867-1913,1515
"Ward, Nathaniel Moore, zdl (GB)",† ±1872,1516
"Ward, Rev. William T. (VS)",,1517
"Warneck, Johannes, zdl (D)",1867-1944,1518
"Weber, Friedrich, zwm (D)",,1519
"Weber, Georg Wilhelm, zdl (D)",1841-1871,1520
"Wedel-Jarlsberg, Th. von (D)",1863-1930,1521
"Weeda, J.B., zdl (N)",1885-1938+,1522
"Weeda, mw. M. (N)",,1523
"Weener, zr. C.L. (N)",1899-1984,1524
"Weerd, Hermann de, zdl (D)",1857-1885,1525
"Weerd, W.B. de, zdl (N)",1905-2003,1526
"Weerden, Harm Jan van, zdl. (N)",1899-1948,1527
"Weetneck, Auguste (D)",1873-,1528
"Weg, J. van de, zdl (N)",1887-1945,1529
"Weiler, zdl G. (N)",,1530
"Weiss, Ernst, zwm (D)",1831-1866,1531
"Weiss, zr. Kath. E.Th. (D)",1890-1978,1532
"Weissenbruch, Hermann, zdl (D)",1877-1945,1533
"Weisser, Samuel, zdl (D)",1891-1942,1534
"Weissinger, H. (D)",1904-1982,1535
"Wellensiek, mw. H.J., ond. (N)",1882-1968,1536
"Welsz, Gerrit Joh., ond. (N)",1882-1925,1537
"Werff, zr. Ienskje van der (N)",1904,1538
"Werimon-Bakker, M.D., maatsch. werker, zie Bakker, mw. M.D.",,1539
"Werkman, O., zdl (N)",1887-1944,1540
"Werner, Lore (D)",1898-1988,1541
"Wessel, zr. G. van (N)",1905-1996,1542
"Wesseldijk, H.J., zdl (N)",1886-1964,1543
"Wesseldijk, J.W., zdl (N)",1889-1945,1544
"Westendorp, zr. Antje (N)",1906-,1545
"Westerveld-van der Ben, zr. A.A.C. zie Ben, A.A.C. van der",,1546
"Westerveld, Willem, ond. (N)",1886-1961,1547
"Wetstein, J., zdl (N)",1886-1967,1548
"Wiebe, Nicolai, zdl. (Rusland)",1862-,1549
"Wiegand, Heinrich, zdl (D)",1876-1941,1550
"Wiegers, J., zdl (N)",1891-1968,1551
"Wieënkötter, H. A. Florenz, zdl (D)",1791/2-1828,1552
Wielenga (jr.) ds. D.K. (N),1880-1942,1553
"Wielenga, Johanna Dirkje, ond. (N)",1907-1979,1554
"Wiersema, Jakob Siert, arts (N)",1907-1981,1555
"Wiersma, J.N., zdl (N)",1833-1907,1556
"Wieske, Hendrik, ond. (N)",1884-1953,1557
"Wigand, Fr. Eberhard, zdl (D)",1827-1859,1558
"Wiggelendam, K., zdl (N)",1845-1909,1559
"Wiggers, Jan Albert, ond. (N)",1893-1968,1560
"Wiggers, zr. Gesiena Ber. (N)",1910-1959+,1561
"Wijnekes, zr. Plonia Maria (N)",1885-1976,1562
"Wijngaarden, J.K., zdl (N)",1866-1894,1563
"Wijs, Agatha Ant. de, diakones (N)", 1892-1924,1564
"Wikdal, P.S. (Skand.)",,1565
"Wilcox, Rev. Burton O. (VS)",,1566
"Wilhelm, Jacob, zdl. (N)",1854-1892,1567
"Wilken, N.P., (O-Friesl.), zdl (N)",1813-1878,1568
"Wilkening, Johannes, zdl (D) ",1873-1963,1569
"Wilkens, Ms. L.V., ond. (GB)",,1570
"Willfinger, John F., zdl (VS)",1910-1942,1571
"Winckler, Joh. Chr. Furchtegott (D)",1799-1833?,1572
"Winkler, K.J.M. (Joh.), arts (D)",1874-1958,1573
"Wits, zr. W. (N)",1914-1991,1574
"Witt, mw. H. (N)",1893-1978,1575
"Witt, Lothar, zdl (D)",1904-1975,1576
"Wittmann-Nikolajew, Marussa, ",1873-1953,1577
 ond. (Rusland),,1578
"Woelders, Willem H., zdl (N)",1837-1892,1579
"Woensdregt, Jacob, zdl (N)",1889-1928,1580
"Woerden, mw. M. van, ond. (N)",,1581
"Woerner, Gustave, zdl. (VS)",1896-1978,1582
"Wolff, zr. M.A. (N)",1907/8-1996,1583
"Wolterbeek, Jan David (N)",1890-1976,1584
"Wong A Tjhin, Ms., zdl (China)",±1905-,1585
"Wood, George Alb. (Australië)",1867-1944,1586
"Woodward, Leonard H. (GB)",1883-1950,1587
"Woortman, H.D., zdl (N)",1889-1986,1588
"Worthington, Rev. Charles M. (VS)",1876-1856,1589
"Wortman, Louis M.D. (N)",1906-1945,1590
"Woude, Adriana van der (N)",1894?-,1591
"Wulp, Hendrik van der, ond. (N)",1815-1891,1592
"Wunderink, Everdina Maria (N)",1880-..,1593
IJ,,1594
"Yates, John Spain (VS)",1888-1950,1595
"IJdens, Hendrik, ond. (N)",1882-1949,1596
"IJkel, zr. Jeanna Agatha (N)",1903-,1597
"Young, Ms. Ethel (VS)",,1598
"Youngberg, Gustavus Benson (VS)",1888-1944,1599
"Youngblood, William, zdl (VS)",1808-1886,1600
"Zanten, zr. Adriana Joh. van (N)",1886-,1601
"Zegers, J.L., zdl (N)",1844-1919,1602
"Zegers Verhoeven, Elias Adr. (N) )ongehuwd gebleven?",1876-1928,1603
"Zeitter, Karolina Auguste (D)",1865-1938,1604
"Zeldam Ganswijk, D.J. ten, zdl (N)",1829/30-'69,1605
"Zenker, Clara (D) ",1877-1925,1606
"Ziegler, Julius, zdl (D)",1885-1959,1607
"Zigterman, zr. Gepke (N)",1880-1964,1608
"Zijlstra, P., zdl. (N)",1897-1973,1609
"Zimmer, Georg, zdl (D)",1826-1901,1610
"Zimmer, Woldemar, zdl (Zwits.)",1903-1994,1611
"Zimmerbeutel, zr. Anna (D)",1892-1970,1612
"Zimmerbeutel, G.A., zdl (D)",1862-1921,1613
"Zimmermann, A.H. (D)",,1614
"Zimmermann, Philipp, zdl (D)",1875-1953,1615
"Zissler, Ferdinand, zdl (D)",1875-1943,1616
"Zuidema, Jacob Popkes, ond. (N)",1860-1932,1617
"Zuidema, Pieter Jan, arts (N)",1907-1996,1618
"Zuidema, ds. dr. Sytse Ulbe (N)",1906-1975,1619
"Zuijlen, zr. A.M. van (N)",1899-1987,1620
"Zuppinger, H., verpleger, zdl (D)",± 1880-,1621
"Zwaan, A.C., arts (N)",1899-1959,1622
"Zwaan, ds. Cornelis (N)",1871-1938,1623
"Zwaan, C., zdl (N)",1909-1977,1624
"Zwaan, Corn. Laurens, arts (N)",1901-1944,1625
"Zwaan, W.J.A., zdl (N)",1881-1954,1626
"Zwerus, A.J., ond. (N)",1903-1944,1627
